occ1990dd,dv_rating_alpha,dv_rating_beta,dv_rating_gamma,human_rating_alpha,human_rating_beta,human_rating_gamma,n_soc_sources
4,0.1333333333333333,0.5077777777777778,0.8822222222222222,0.11777777777777775,0.36944444444444435,0.6211111111111112,1
7,0.0,0.4850552306692657,0.9701104613385315,0.1221201151025712,0.4541306971131532,0.7861412791237351,1
8,0.08749601275917063,0.497719298245614,0.9079425837320575,0.12322169059011161,0.4625996810207336,0.8019776714513557,3
13,0.0966540404040404,0.5216922128259337,0.946730385247827,0.2851545983086681,0.5784747915198497,0.8717949847310312,6
14,0.03502402069475236,0.44198540280857346,0.8489467849223947,0.298480229120473,0.4819267368810052,0.6653732446415374,3
15,0.0,0.4285714285714285,0.8571428571428571,0.1142857142857142,0.3714285714285714,0.6285714285714286,1
18,0.0,0.4431818181818182,0.8863636363636364,0.2045454545454545,0.4318181818181818,0.6590909090909091,1
19,0.0930232558139534,0.1627906976744186,0.2325581395348837,0.0,0.0930232558139534,0.1860465116279069,1
22,0.09120373773732494,0.4610223260592253,0.8308409143811256,0.18324475542472685,0.4179525709038357,0.6526603863829447,18
23,0.1567741935483871,0.5703225806451613,0.9838709677419355,0.3258064516129032,0.5987096774193548,0.8716129032258064,2
24,0.1428571428571428,0.5714285714285714,1.0,0.1428571428571428,0.5,0.8571428571428571,1
25,0.1413695354046231,0.5549519332852666,0.9685343311659101,0.29140715000364126,0.6120328143135161,0.932658478623391,9
26,0.0952380952380952,0.4047619047619047,0.7142857142857142,0.1904761904761904,0.5,0.8095238095238095,1
27,0.1374710360807679,0.4721574376192052,0.8068438391576425,0.24556548604214937,0.41961491779763876,0.5936643495531281,5
28,0.0555555555555555,0.5277777777777778,1.0,0.0555555555555555,0.25,0.4444444444444444,1
29,0.0333333333333333,0.4666666666666667,0.9,0.1,0.4,0.7,1
33,0.14060150375939845,0.5296992481203007,0.918796992481203,0.1360902255639097,0.41992481203007515,0.7037593984962406,2
34,0.1739130434782608,0.5434782608695652,0.9130434782608696,0.3043478260869565,0.3695652173913043,0.4347826086956521,1
35,0.0,0.33410428931875524,0.6682085786375105,0.07317073170731705,0.28238015138772077,0.4915895710681245,1
36,0.09830070319412397,0.4287680916436809,0.7592354800932378,0.22679311088411314,0.44409811868256227,0.6614031264810113,3
37,0.10805076555798754,0.5183543294167859,0.9286578932755845,0.23870608249882028,0.5126633112015421,0.786620539904264,3
43,0.03488372093023255,0.45471236230110157,0.8745410036719705,0.10771113831089349,0.39932680538555687,0.6909424724602202,2
44,0.2142857142857142,0.5714285714285714,0.9285714285714284,0.1428571428571428,0.5178571428571428,0.8928571428571428,1
45,0.1463414634146341,0.4878048780487805,0.8292682926829269,0.1463414634146341,0.3170731707317073,0.4878048780487805,1
47,0.1666666666666666,0.5277777777777778,0.8888888888888888,0.0833333333333333,0.4305555555555555,0.7777777777777777,1
48,0.0769230769230769,0.4615384615384615,0.8461538461538463,0.0769230769230769,0.3461538461538461,0.6153846153846154,1
53,0.0556277056277056,0.48214285714285715,0.9086580086580086,0.17186147186147183,0.45454545454545453,0.7372294372294372,1
55,0.3960163610898905,0.6366235888294712,0.8772308165690519,0.18738593922417449,0.39075364994482636,0.5941213606654784,3
56,0.14112886553536047,0.5292929028791291,0.9174569402228977,0.38171824815721794,0.5438682836387203,0.7060183191202227,2
57,0.20618331053351568,0.5312935096519228,0.8564037087703298,0.30672138622891015,0.5007630338957288,0.6948046815625476,1
59,0.16577869433613973,0.5222503492264403,0.878722004116741,0.24163373743524574,0.47203590178096755,0.7024380661266894,4
64,0.5193182526477299,0.7290924617726118,0.9388666708974936,0.24901810754050682,0.5700443924211267,0.8910706773017465,14
65,0.17204430504875773,0.5784463949486213,0.9848484848484849,0.30432039263765565,0.6127993585468678,0.92127832445608,2
66,0.0,0.5,1.0,0.2222222222222222,0.537037037037037,0.8518518518518519,1
68,0.5781565656565656,0.7807449494949494,0.9833333333333334,0.3103535353535353,0.6157512626262627,0.92114898989899,2
69,0.3039772727272727,0.59375,0.8835227272727273,0.375,0.5291193181818181,0.6832386363636364,2
73,0.10896551724137929,0.43137931034482757,0.7537931034482759,0.3641379310344828,0.45862068965517244,0.5531034482758621,2
74,0.1739130434782608,0.5652173913043478,0.9565217391304348,0.3478260869565217,0.6086956521739131,0.8695652173913043,1
75,0.09949259429500333,0.49612765396013475,0.8927627136252663,0.3484358501075356,0.5731105641570949,0.7977852782066543,3
76,0.0,0.4565217391304347,0.9130434782608696,0.1521739130434782,0.4456521739130434,0.7391304347826086,1
77,0.041666666666666664,0.45551142697881825,0.86935618729097,0.4718506131549609,0.6580615942028986,0.8442725752508361,3
78,0.1418686918638955,0.46299294223954723,0.784117192615199,0.19691158253122315,0.4350963394304248,0.6732810963296265,4
79,0.0303030303030303,0.4035439705646826,0.7767849108263349,0.19126946303481213,0.4236438208996341,0.6560181787644561,2
83,0.0909090909090909,0.4825174825174825,0.8741258741258742,0.35489510489510484,0.5629370629370629,0.770979020979021,2
84,0.036597014542262565,0.4138281016876433,0.7910591888330241,0.15710927466969965,0.3406483890113945,0.5241875033530893,16
85,0.0125,0.15886363636363635,0.30522727272727274,0.0375,0.14897727272727274,0.26045454545454544,4
86,0.081081081081081,0.2702702702702703,0.4594594594594595,0.027027027027027,0.2297297297297297,0.4324324324324324,1
87,0.0,0.3,0.6000000000000001,0.0,0.05,0.1,1
88,0.0,0.2857142857142857,0.5714285714285714,0.1904761904761904,0.2857142857142857,0.3809523809523809,1
89,0.1815996503496503,0.37253545066045063,0.5634712509712511,0.13420260295260292,0.31314750064750063,0.4920923983423983,3
95,0.03550829271683128,0.3427793850618152,0.6500504774067992,0.07748151623356875,0.2582660011641949,0.43905048609482106,3
96,0.1142857142857142,0.4285714285714285,0.7428571428571429,0.2857142857142857,0.3999999999999999,0.5142857142857142,1
97,0.1463414634146341,0.5487804878048781,0.951219512195122,0.2682926829268293,0.4634146341463415,0.6585365853658537,1
98,0.0952380952380952,0.2023809523809523,0.3095238095238095,0.0952380952380952,0.1904761904761904,0.2857142857142857,1
99,0.1106060606060606,0.2890151515151515,0.4674242424242424,0.1606060606060606,0.34071969696969695,0.5208333333333334,1
103,0.0851063829787234,0.1914893617021276,0.2978723404255319,0.1276595744680851,0.3404255319148936,0.5531914893617021,1
104,0.1535476718403547,0.45288248337028825,0.7522172949002217,0.16241685144124168,0.4223946784922395,0.6823725055432373,2
105,0.0758776137084388,0.32142415331309987,0.5669706929177609,0.08039528654474164,0.3146475130128477,0.5488997394809538,3
106,0.0,0.2708333333333333,0.5416666666666666,0.0,0.1101190476190476,0.2202380952380952,1
155,0.057700290577002905,0.2300747198007472,0.40244914902449147,0.14425072644250725,0.302563304275633,0.46087588210875885,2
156,0.10668873642225674,0.32707251430954093,0.5474562921968251,0.16644133614680598,0.33003339945836435,0.4936254627699228,3
157,0.09163059163059159,0.3333333333333333,0.575036075036075,0.13997113997113994,0.3373015873015873,0.5346320346320346,2
158,0.13246198246198243,0.30802392052392047,0.48358585858585856,0.1647463647463647,0.30953490953490953,0.4543234543234543,6
159,0.13565627030539307,0.46431936322287193,0.792982456140351,0.3028427550357375,0.520679012345679,0.7385152696556205,3
163,0.07170840869832176,0.24206509315667413,0.4124217776150264,0.19685771460064871,0.32473517760245013,0.4526126406042515,5
164,0.1578947368421052,0.5350877192982456,0.912280701754386,0.2631578947368421,0.5,0.7368421052631579,1
165,0.09256760133953114,0.4122807017543859,0.7319938021692408,0.19843054930774226,0.4184535412605588,0.6384765332133753,3
166,0.07722174288179462,0.5386108714408973,1.0,0.28328189641822077,0.5799422302603925,0.8766025641025641,2
167,0.06124338624338618,0.4263790576290576,0.791514729014729,0.30786679536679534,0.4902438152438152,0.6726208351208351,4
169,0.09166877699461155,0.4831523727120527,0.8746359684294939,0.26286385570984394,0.519339748730286,0.775815641750728,5
173,0.0,0.4772727272727273,0.9545454545454546,0.2727272727272727,0.5795454545454546,0.8863636363636364,1
174,0.029464285714285703,0.28581349206349205,0.5421626984126984,0.17519841269841266,0.3586805555555555,0.5421626984126984,3
176,0.17099567099567095,0.38636363636363635,0.6017316017316017,0.2467532467532467,0.3463203463203463,0.4458874458874459,2
177,0.17839457514754622,0.4098241234807448,0.6412536718139434,0.2777575659579055,0.41739766081871343,0.5570377556795213,4
178,0.0689655172413793,0.4711206896551724,0.8732758620689656,0.075,0.46163793103448275,0.8482758620689655,2
183,0.8098290598290598,0.8771367521367521,0.9444444444444444,0.641025641025641,0.7742165242165242,0.9074074074074074,1
184,0.4666666666666667,0.7,0.9333333333333332,0.3333333333333333,0.6333333333333333,0.9333333333333332,1
185,0.009523809523809514,0.39318923399798356,0.7768546584721576,0.09737592005391031,0.35074733663531593,0.6041187532167216,7
186,0.3856068743286788,0.5593447905477981,0.7330827067669172,0.1387397064088793,0.2066774078052273,0.2746151092015753,2
187,0.1250426213857065,0.3285426895799236,0.5320427577741408,0.1713379705400982,0.2966192716857611,0.4219005728314239,2
188,0.029741379310344825,0.4271551724137931,0.8245689655172415,0.05948275862068965,0.3606681034482758,0.6618534482758621,4
189,0.0416666666666666,0.3854166666666666,0.7291666666666666,0.0208333333333333,0.21875,0.4166666666666666,1
193,0.02857142857142855,0.14613095238095236,0.26369047619047614,0.0714285714285714,0.106547619047619,0.14166666666666666,2
194,0.6505263157894736,0.7031578947368421,0.7557894736842106,0.4789473684210526,0.6042105263157894,0.7294736842105263,2
195,0.20616458704693996,0.5622697563874035,0.9183749257278668,0.28298425430778373,0.48360814022578724,0.6842320261437909,4
198,0.4,0.65,0.9,0.475,0.5375,0.6000000000000001,1
199,0.1055555555555555,0.2041666666666667,0.30277777777777776,0.056481481481481466,0.10370370370370367,0.1509259259259259,3
203,0.07041564039408867,0.25429725985221674,0.4381788793103448,0.05584205665024629,0.12266574302134645,0.18948942939244662,2
204,0.0625,0.1875,0.3125,0.0,0.09375,0.1875,1
205,0.2738970588235294,0.6369485294117647,1.0,0.2738970588235294,0.5450367647058824,0.8161764705882353,2
206,0.05998760341714497,0.32990244428274984,0.5998172851483548,0.1291502950925701,0.24437814967526342,0.3596060042579567,5
207,0.0789473684210526,0.25,0.4210526315789473,0.0526315789473684,0.25,0.4473684210526315,1
208,0.104949002147278,0.28324171438395573,0.46153442662063354,0.04212962962962963,0.20258243512553856,0.3630352406214475,6
214,0.15219132097547547,0.3981454750743058,0.6440996291731361,0.12222675215274721,0.3220169422478587,0.5218071323429703,9
217,0.12681829298116895,0.5381560283687943,0.9494937637564197,0.16809488872584985,0.49162631450232325,0.8151577402787967,3
218,0.09147064617809299,0.5100231481481482,0.9285756501182033,0.11559988179669028,0.46347665484633566,0.811353427895981,3
223,0.20946368446368444,0.3945105820105819,0.5795574795574795,0.11433381433381429,0.29523809523809524,0.47614237614237614,3
224,0.1428571428571428,0.3928571428571428,0.6428571428571428,0.2857142857142857,0.3928571428571428,0.5,1
225,0.118140243902439,0.4451219512195122,0.7721036585365854,0.1615853658536585,0.4180640243902439,0.6745426829268293,2
226,0.10227272727272725,0.2954545454545454,0.48863636363636365,0.0,0.22159090909090912,0.44318181818181823,2
227,0.0942350332594235,0.3533813747228381,0.6125277161862528,0.0,0.3180432372505543,0.6360864745011087,2
228,0.16159611992945325,0.4624118165784832,0.7632275132275131,0.0734126984126984,0.264021164021164,0.45462962962962966,3
229,0.8321637426900584,0.8985380116959064,0.9649122807017544,0.2672514619883041,0.581578947368421,0.895906432748538,3
233,0.4671428571428571,0.5267857142857142,0.5864285714285714,0.0,0.26857142857142857,0.5371428571428571,2
234,0.44365079365079363,0.6849206349206348,0.9261904761904761,0.14166666666666666,0.5081349206349205,0.8746031746031746,3
235,0.14563074517947544,0.4408814505863236,0.7361321559931718,0.17330417847233218,0.3894352712223337,0.6055663639723352,5
243,0.09609609609609605,0.5117617617617618,0.9274274274274273,0.1736736736736736,0.4249249249249249,0.6761761761761762,2
253,0.1515151515151515,0.5757575757575758,1.0,0.3333333333333333,0.5303030303030303,0.7272727272727273,1
254,0.0401785714285714,0.5,0.9598214285714286,0.24107142857142855,0.4670758928571428,0.6930803571428571,4
255,0.2115384615384615,0.6057692307692308,1.0,0.2692307692307693,0.5192307692307693,0.7692307692307693,1
256,0.1794871794871795,0.5384615384615384,0.8974358974358974,0.4358974358974359,0.6923076923076923,0.9487179487179488,1
258,0.1590909090909091,0.5113636363636364,0.8636363636363636,0.3181818181818182,0.5340909090909091,0.75,1
274,0.27132098593078624,0.6109472675942731,0.9505735492577598,0.3350677478399801,0.5746520506615788,0.8142363534831775,4
275,0.21044344732799738,0.46263845096612494,0.7148334546042525,0.35764815263966365,0.48555158056431397,0.6134550084889643,4
276,0.2549089653365722,0.29685397539861147,0.33879898546065085,0.1850462615653913,0.3631145881708522,0.5411829147763131,3
277,0.1739130434782608,0.2608695652173913,0.3478260869565217,0.5217391304347826,0.5217391304347826,0.5217391304347826,1
283,0.09230769230769226,0.18076923076923074,0.2692307692307692,0.13589743589743586,0.39871794871794874,0.6615384615384616,2
303,0.0833333333333333,0.4895833333333333,0.8958333333333333,0.2291666666666666,0.53125,0.8333333333333333,1
308,0.4766228777169385,0.7357861863332168,0.994949494949495,0.277384400302843,0.5969636725035986,0.9165429447043542,1
313,0.3719078610382958,0.6637995646147821,0.9556912681912682,0.4697789344528475,0.6706329029698594,0.8714868714868715,4
315,0.7027027027027027,0.7432432432432433,0.7837837837837838,0.1891891891891892,0.4864864864864865,0.7837837837837838,1
316,0.3824137931034483,0.6274712643678161,0.8725287356321839,0.3601149425287356,0.5353448275862068,0.7105747126436782,3
317,0.2051282051282051,0.5,0.7948717948717948,0.2051282051282051,0.3974358974358974,0.5897435897435898,1
318,0.1196428571428571,0.5098214285714285,0.8999999999999999,0.3107142857142857,0.5455357142857142,0.7803571428571429,2
319,0.2,0.5333333333333333,0.8666666666666667,0.4333333333333333,0.5833333333333334,0.7333333333333333,1
326,0.4285714285714285,0.7142857142857143,1.0,0.4285714285714285,0.6,0.7714285714285714,1
328,0.2758620689655172,0.6206896551724138,0.9655172413793104,0.1379310344827586,0.4655172413793103,0.7931034482758621,1
329,0.35610079575596815,0.550895225464191,0.7456896551724138,0.2553050397877984,0.48425066312997345,0.7131962864721486,2
335,0.6764705882352942,0.7941176470588235,0.9117647058823528,0.1764705882352941,0.4705882352941176,0.7647058823529411,1
336,0.5333333333333333,0.7666666666666666,1.0,0.7333333333333333,0.8,0.8666666666666667,1
337,0.6046511627906976,0.8023255813953488,1.0,0.1395348837209302,0.313953488372093,0.4883720930232558,1
338,0.6756756756756757,0.8378378378378379,1.0,0.1621621621621621,0.4864864864864865,0.8108108108108109,1
344,0.6904761904761905,0.7738095238095237,0.8571428571428571,0.1904761904761904,0.4166666666666666,0.6428571428571428,1
346,0.1,0.1,0.1,0.05,0.125,0.2,1
347,0.2941176470588235,0.3970588235294117,0.5,0.0,0.1764705882352941,0.3529411764705882,1
348,0.6791171477079796,0.7618845500848896,0.8446519524617997,0.3777589134125636,0.5182512733446519,0.6587436332767402,2
354,0.1481481481481481,0.3148148148148147,0.4814814814814814,0.1481481481481481,0.2777777777777778,0.4074074074074074,1
355,0.2051282051282051,0.2307692307692307,0.2564102564102564,0.1794871794871795,0.3461538461538461,0.5128205128205128,1
356,0.1081081081081081,0.2162162162162162,0.3243243243243243,0.054054054054054,0.1216216216216216,0.1891891891891892,1
357,0.2413793103448275,0.3103448275862069,0.3793103448275862,0.0,0.1551724137931034,0.3103448275862069,1
359,0.37703804347826086,0.6650815217391304,0.953125,0.39266304347826086,0.6229619565217391,0.8532608695652174,2
364,0.24591603365188267,0.5136506575185821,0.7813852813852813,0.2028710283427264,0.39297966184758637,0.5830882953524462,2
365,0.18311688311688307,0.398051948051948,0.612987012987013,0.18311688311688307,0.324025974025974,0.4649350649350649,2
366,0.3333333333333333,0.4374999999999999,0.5416666666666666,0.0833333333333333,0.3541666666666666,0.625,1
368,0.2068965517241379,0.293103448275862,0.3793103448275862,0.1724137931034483,0.2758620689655172,0.3793103448275862,1
373,0.14354395604395606,0.5413399100899101,0.9391358641358643,0.15792957042957037,0.49610077422577425,0.8342719780219781,2
375,0.24888888888888885,0.6177777777777778,0.9866666666666667,0.19492063492063486,0.5006349206349207,0.8063492063492063,3
376,0.16193181818181815,0.5809659090909092,1.0,0.3352272727272727,0.6022727272727273,0.8693181818181819,2
377,0.4,0.68,0.96,0.28,0.62,0.96,1
378,0.3928571428571428,0.6964285714285714,1.0,0.1071428571428571,0.4285714285714285,0.75,1
379,0.3636363636363636,0.5757575757575758,0.7878787878787878,0.2121212121212121,0.5,0.7878787878787878,1
383,0.3125,0.5416666666666666,0.7708333333333333,0.2291666666666666,0.3333333333333333,0.4375,1
384,0.95,0.975,1.0,0.2,0.6000000000000001,1.0,1
385,0.8571428571428571,0.8928571428571428,0.9285714285714284,0.2142857142857142,0.4999999999999999,0.7857142857142857,1
386,0.8260869565217391,0.8913043478260869,0.9565217391304348,0.3478260869565217,0.6739130434782609,1.0,1
387,0.21666666666666662,0.3166666666666666,0.41666666666666663,0.14999999999999997,0.26666666666666666,0.3833333333333333,2
389,0.4363636363636363,0.7,0.9636363636363636,0.3090909090909091,0.5909090909090908,0.8727272727272727,1
405,0.0,0.0,0.0,0.0588235294117647,0.0588235294117647,0.0588235294117647,1
408,0.025,0.05,0.075,0.0,0.05,0.1,1
415,0.238095238095238,0.4047619047619047,0.5714285714285714,0.1428571428571428,0.2619047619047618,0.3809523809523809,1
417,0.147823409212436,0.2656641888192906,0.3835049684261452,0.2227325388944058,0.31324876505487226,0.40376499121533876,4
418,0.12366306101760353,0.3591828679289979,0.5947026748403923,0.11725143809055409,0.3167774685843437,0.5163034990781333,3
423,0.16012610577827965,0.19322887257669863,0.22633163937511758,0.13415207980425367,0.22731978166760772,0.32048748353096174,3
425,0.0526315789473684,0.1052631578947368,0.1578947368421052,0.0,0.2631578947368421,0.5263157894736842,1
426,0.1635802469135802,0.33101851851851843,0.49845679012345673,0.12962962962962962,0.31712962962962954,0.5046296296296297,3
427,0.15807629768605375,0.2590456535334584,0.36001500938086306,0.06578111319574732,0.2299508025849489,0.39412049197415044,5
433,0.2222222222222222,0.5111111111111112,0.8,0.0444444444444444,0.2555555555555555,0.4666666666666667,1
434,0.1111111111111111,0.1944444444444444,0.2777777777777778,0.0833333333333333,0.1388888888888889,0.1944444444444444,1
435,0.0816326530612244,0.183673469387755,0.2857142857142857,0.2040816326530612,0.2244897959183673,0.2448979591836734,1
436,0.05279131348096864,0.11953150194529501,0.1862716904096214,0.06973683042648555,0.1293415115919653,0.18894619275744498,6
439,0.0185185185185185,0.037037037037037,0.0555555555555555,0.0,0.0462962962962962,0.0925925925925925,1
444,0.03885303536619323,0.09104810637705371,0.1432431773879142,0.057872807017543826,0.11101764828738511,0.16416248955722637,5
445,0.1333333333333333,0.2666666666666666,0.4,0.0,0.1,0.2,1
447,0.17044470799656652,0.23171337210983273,0.2929820362230989,0.06200205616162477,0.1375607461068616,0.21311943605209843,17
448,0.1632653061224489,0.2653061224489795,0.3673469387755101,0.0816326530612244,0.2551020408163265,0.4285714285714285,1
450,0.1454545454545454,0.3545454545454545,0.5636363636363636,0.0727272727272727,0.2454545454545454,0.4181818181818181,1
451,0.016260162601626,0.046973803071364,0.07768744354110203,0.0185185185185185,0.046973803071364,0.07542908762420954,3
453,0.0,0.0,0.0,0.0,0.0277777777777777,0.0555555555555555,1
455,0.1666666666666666,0.25,0.3333333333333333,0.0833333333333333,0.2291666666666666,0.375,1
457,0.088235294117647,0.1617647058823529,0.2352941176470588,0.0,0.0735294117647058,0.1470588235294117,1
458,0.07208616515420105,0.16871419124307438,0.26534221733194774,0.02187730968218772,0.10591575020329831,0.18995419072440892,5
459,0.1735886010079558,0.22950028191963676,0.2854119628313176,0.12171942413877895,0.2437688929624413,0.3658183617861037,6
461,0.1569230769230769,0.32461538461538464,0.4923076923076923,0.3138461538461539,0.3730769230769231,0.4323076923076923,2
462,0.1142857142857142,0.1428571428571428,0.1714285714285714,0.1428571428571428,0.1999999999999999,0.2571428571428571,1
464,0.10370370370370366,0.3074074074074074,0.5111111111111111,0.4629629629629629,0.4888888888888889,0.5148148148148148,2
466,0.0595238095238095,0.12640056022408955,0.1932773109243697,0.12114845938375345,0.24264705882352938,0.3641456582633053,2
467,0.0909090909090909,0.1818181818181818,0.2727272727272727,0.0,0.0757575757575757,0.1515151515151515,1
468,0.10543611793611793,0.19071560196560194,0.275995085995086,0.2087039312039312,0.3102242014742015,0.41174447174447176,2
469,0.07259259259259257,0.08648148148148144,0.10037037037037033,0.051851851851851836,0.13277777777777777,0.21370370370370373,3
470,0.10465819721718084,0.3572292800967937,0.6098003629764065,0.25589836660617055,0.33998790078644886,0.4240774349667271,3
471,0.16650673400673396,0.26715488215488215,0.36780303030303035,0.033956228956228934,0.17303872053872052,0.31212121212121213,3
472,0.12539184952978055,0.1880877742946708,0.2507836990595611,0.14472309299895503,0.1598746081504702,0.17502612330198536,2
473,0.0408163265306122,0.3673469387755101,0.6938775510204082,0.1020408163265306,0.2448979591836734,0.3877551020408163,1
479,0.023809523809523798,0.06845238095238093,0.11309523809523807,0.0,0.049851190476190466,0.09970238095238093,3
488,0.1,0.1,0.1,0.0,0.05,0.1,1
489,0.0833333333333333,0.2916666666666666,0.5,0.125,0.2916666666666666,0.4583333333333333,1
496,0.07426582761250952,0.15069126620900072,0.22711670480549193,0.025,0.11370137299771163,0.20240274599542332,5
498,0.0,0.043859649122807,0.087719298245614,0.0,0.0087719298245614,0.0175438596491228,1
503,0.0256410256410256,0.4102564102564102,0.7948717948717948,0.0769230769230769,0.2692307692307692,0.4615384615384615,1
505,0.0363636363636363,0.0818181818181818,0.1272727272727272,0.0363636363636363,0.0727272727272727,0.109090909090909,1
507,0.0,0.0,0.0,0.0,0.0,0.0,1
508,0.0895522388059701,0.1343283582089552,0.1791044776119403,0.0149253731343283,0.0597014925373134,0.1044776119402985,1
509,0.07326007326007324,0.08516483516483513,0.09706959706959702,0.023809523809523798,0.0485347985347985,0.07326007326007324,3
514,0.0,0.02127659574468085,0.0425531914893617,0.0106382978723404,0.02127659574468085,0.03191489361702125,2
516,0.048417800837155654,0.07936885756685531,0.11031991429655498,0.06632231012097528,0.08707794337660853,0.1078335766322418,6
518,0.0967741935483871,0.13709677419354835,0.1774193548387097,0.032258064516129,0.0725806451612903,0.1129032258064516,2
519,0.1142857142857142,0.1428571428571428,0.1714285714285714,0.1142857142857142,0.1142857142857142,0.1142857142857142,1
523,0.19249084249084247,0.2814468864468864,0.3704029304029304,0.06487179487179487,0.1743223443223443,0.2837728937728937,4
525,0.2857142857142857,0.3673469387755101,0.4489795918367346,0.0816326530612244,0.2040816326530612,0.3265306122448979,1
526,0.0727272727272727,0.1454545454545454,0.2181818181818181,0.0727272727272727,0.109090909090909,0.1454545454545454,1
527,0.10441468253968254,0.13988095238095236,0.1753472222222222,0.05233134920634921,0.10590277777777778,0.15947420634920634,3
533,0.1433333333333333,0.2033333333333333,0.2633333333333333,0.04,0.1325,0.225,2
534,0.0701754385964912,0.1052631578947368,0.1403508771929824,0.0701754385964912,0.1403508771929824,0.2105263157894736,1
535,0.0721125541125541,0.1935990578049401,0.3150855614973262,0.05932900432900431,0.12266450216450213,0.186,5
536,0.08,0.08,0.08,0.08,0.08,0.08,1
539,0.09307359307359306,0.1336580086580086,0.1742424242424242,0.0465367965367965,0.06980519480519475,0.09307359307359306,2
543,0.1578947368421052,0.1842105263157894,0.2105263157894736,0.0,0.0789473684210526,0.1578947368421052,1
544,0.0,0.0217391304347826,0.0434782608695652,0.0,0.0434782608695652,0.0869565217391304,1
549,0.08271522008307042,0.1269819590367164,0.17124869799036238,0.0779738694485238,0.1230119480932709,0.16805002673801803,7
558,0.0333333333333333,0.41666666666666663,0.8,0.0333333333333333,0.2333333333333333,0.43333333333333335,1
563,0.004166666666666667,0.0433150183150183,0.08246336996336995,0.0,0.011458333333333334,0.02291666666666667,6
567,0.0444444444444444,0.1444444444444444,0.2444444444444444,0.0444444444444444,0.0888888888888888,0.1333333333333333,1
573,0.0,0.0208333333333333,0.04166666666666665,0.0,0.01041666666666665,0.0208333333333333,2
575,0.08211382113821135,0.15650406504065034,0.2308943089430894,0.07439024390243901,0.1648373983739837,0.2552845528455284,2
577,0.04807692307692305,0.05288461538461535,0.05769230769230765,0.0,0.0096153846153846,0.0192307692307692,2
579,0.0571428571428571,0.0571428571428571,0.0571428571428571,0.0,0.0285714285714285,0.0571428571428571,1
583,0.0,0.027027027027027,0.054054054054054,0.0,0.0,0.0,1
584,0.0769230769230769,0.0769230769230769,0.0769230769230769,0.0,0.0384615384615384,0.0769230769230769,1
585,0.00925925925925925,0.0555152277713253,0.10177119628339137,0.0121951219512195,0.032181571815718124,0.0521680216802168,2
588,0.0,0.0,0.0,0.0,0.01136363636363635,0.0227272727272727,2
589,0.0,0.0833333333333333,0.1666666666666666,0.0,0.03125,0.0625,1
593,0.010752688172043,0.058699902248289304,0.10664711632453566,0.03333333333333333,0.059237536656891465,0.08514173998044965,3
594,0.0,0.0,0.0,0.0,0.0,0.0,1
595,0.0,0.04,0.08,0.0,0.0,0.0,1
597,0.0,0.04090909090909087,0.08181818181818176,0.0,0.007575757575757566,0.015151515151515133,3
598,0.10795454545454544,0.13589015151515144,0.16382575757575754,0.01041666666666665,0.11410984848484845,0.21780303030303028,2
599,0.06709401709401706,0.0976495726495726,0.12820512820512817,0.016666666666666666,0.10299145299145296,0.18931623931623923,3
615,0.125,0.1354166666666666,0.1458333333333333,0.0208333333333333,0.1145833333333333,0.2083333333333333,1
617,0.014643463497453298,0.024258848112837912,0.03387423272822252,0.00806451612903225,0.04670219350296119,0.08533987087689013,8
628,0.15,0.4,0.65,0.0,0.225,0.45,1
634,0.09375,0.1875,0.28125,0.0,0.109375,0.21875,1
637,0.1632653061224489,0.2346938775510204,0.3061224489795918,0.0,0.1326530612244897,0.2653061224489795,1
643,0.0,0.0303030303030303,0.0606060606060606,0.0,0.0,0.0,1
644,0.0,0.0333333333333333,0.0666666666666666,0.0,0.0,0.0,1
645,0.10799438990182325,0.15673211781206164,0.2054698457223001,0.0,0.11360448807854134,0.22720897615708274,2
649,0.0,0.1363636363636363,0.2727272727272727,0.0,0.0303030303030303,0.0606060606060606,1
653,0.0,0.0657894736842105,0.131578947368421,0.0,0.0394736842105263,0.0789473684210526,1
657,0.0588235294117647,0.1176470588235294,0.1764705882352941,0.0,0.0441176470588235,0.088235294117647,1
658,0.0,0.0285714285714285,0.0571428571428571,0.0,0.0714285714285714,0.1428571428571428,1
666,0.0227272727272727,0.06628787878787876,0.1098484848484848,0.0,0.05492424242424235,0.1098484848484848,2
668,0.1176470588235294,0.1911764705882352,0.2647058823529412,0.0294117647058823,0.088235294117647,0.1470588235294117,1
669,0.0,0.0588235294117647,0.1176470588235294,0.0,0.0588235294117647,0.1176470588235294,1
675,0.022727272727272724,0.07098155467720682,0.11923583662714093,0.0,0.046565191430258876,0.09313038286051777,1
677,0.0952380952380952,0.2857142857142857,0.4761904761904761,0.1428571428571428,0.238095238095238,0.3333333333333333,1
678,0.07522253667414447,0.2334253741730242,0.391628211671904,0.07524052335012685,0.19317982298912725,0.3111191226281277,10
679,0.0512820512820512,0.0897435897435897,0.1282051282051282,0.0,0.0641025641025641,0.1282051282051282,1
686,0.0175438596491228,0.043859649122806994,0.0701754385964912,0.0,0.0087719298245614,0.0175438596491228,3
687,0.1470588235294117,0.2647058823529412,0.3823529411764705,0.088235294117647,0.1176470588235294,0.1470588235294117,1
688,0.1025641025641025,0.1153846153846153,0.1282051282051282,0.1282051282051282,0.1538461538461538,0.1794871794871795,1
694,0.125,0.125,0.125,0.0,0.125,0.25,1
695,0.11590744041724431,0.2828035254505843,0.4496996104839242,0.027777777777777766,0.15422030765168016,0.2806628375255826,3
696,0.1395348837209302,0.1627906976744186,0.1860465116279069,0.0,0.1046511627906976,0.2093023255813953,1
699,0.03539587952697708,0.13374542433231457,0.23209496913765204,0.028824833702882476,0.1203632349783264,0.21190163625377037,4
703,0.1290322580645161,0.1612903225806451,0.1935483870967742,0.0,0.032258064516129,0.064516129032258,1
706,0.0,0.01,0.02,0.0,0.02,0.04,1
707,0.1176470588235294,0.1764705882352941,0.2352941176470588,0.0,0.0735294117647058,0.1470588235294117,1
708,0.0,0.0303030303030303,0.0606060606060606,0.0,0.0,0.0,1
709,0.032258064516129,0.064516129032258,0.0967741935483871,0.0,0.064516129032258,0.1290322580645161,1
713,0.0,0.0416666666666666,0.0833333333333333,0.0,0.0416666666666666,0.0833333333333333,1
719,0.01162790697674415,0.04069767441860465,0.0697674418604651,0.0,0.01744186046511625,0.03488372093023255,2
723,0.0625,0.1041666666666666,0.1458333333333333,0.0,0.0416666666666666,0.0833333333333333,1
724,0.1764705882352941,0.1764705882352941,0.1764705882352941,0.0,0.0588235294117647,0.1176470588235294,1
727,0.0,0.0588235294117647,0.1176470588235294,0.0,0.0147058823529411,0.0294117647058823,1
729,0.0217391304347826,0.0652173913043478,0.108695652173913,0.0,0.0326086956521739,0.0652173913043478,1
736,0.11875,0.3625,0.60625,0.015625,0.1171875,0.21875,2
738,0.0857142857142857,0.0857142857142857,0.0857142857142857,0.0,0.0714285714285714,0.1428571428571428,1
739,0.125,0.15625,0.1875,0.0,0.125,0.25,1
743,0.1071428571428571,0.1607142857142857,0.2142857142857142,0.0,0.1428571428571428,0.2857142857142857,1
744,0.0465116279069767,0.0813953488372093,0.1162790697674418,0.0,0.0232558139534883,0.0465116279069767,1
745,0.0869565217391304,0.0869565217391304,0.0869565217391304,0.0,0.0217391304347826,0.0434782608695652,1
747,0.0,0.0104166666666666,0.0208333333333333,0.0,0.0208333333333333,0.0416666666666666,1
753,0.064516129032258,0.064516129032258,0.064516129032258,0.0,0.0,0.0,1
754,0.0,0.0,0.0,0.0,0.075,0.15,1
755,0.0375,0.04791666666666665,0.0583333333333333,0.0333333333333333,0.07916666666666665,0.125,2
756,0.08497783497783497,0.08497783497783497,0.08497783497783497,0.0185185185185185,0.06670956670956667,0.11490061490061487,3
757,0.1006211180124223,0.14751552795031048,0.19440993788819871,0.0217391304347826,0.07546583850931675,0.1291925465838509,2
763,0.0666666666666666,0.0666666666666666,0.0666666666666666,0.0,0.0666666666666666,0.1333333333333333,1
764,0.1052631578947368,0.1052631578947368,0.1052631578947368,0.0,0.0526315789473684,0.1052631578947368,1
765,0.0,0.0,0.0,0.0,0.0263157894736842,0.0526315789473684,1
766,0.08111111111111109,0.08805555555555554,0.09500000000000001,0.0,0.027222222222222203,0.054444444444444434,3
769,0.058162267839687164,0.06573802541544473,0.07331378299120234,0.0,0.029692082111436934,0.05938416422287387,3
774,0.08,0.38,0.68,0.0,0.17,0.34,1
779,0.3114285714285714,0.3576007326007326,0.4037728937728937,0.0,0.17904761904761904,0.3580952380952381,3
783,0.061942959001782504,0.07820855614973254,0.09447415329768269,0.0,0.0480169340463458,0.0960338680926916,2
785,0.054644293614881836,0.10002452000613762,0.14540474639739343,0.010416666666666663,0.0491437280040221,0.08787078934137756,8
789,0.0108695652173913,0.0217391304347826,0.0326086956521739,0.0,0.0201406649616368,0.04028132992327365,2
799,0.2708333333333333,0.4166666666666666,0.5625,0.0416666666666666,0.1770833333333333,0.3125,1
804,0.1474358974358974,0.25220352564102566,0.35697115384615385,0.0096153846153846,0.14830395299145296,0.2869925213675214,4
808,0.23621585386291266,0.27142338416848216,0.3066309144740517,0.012820512820512801,0.1720713926596279,0.3313222724987431,3
809,0.17773892773892772,0.20738636363636362,0.23703379953379952,0.05448717948717947,0.15617715617715613,0.25786713286713286,3
813,0.0357142857142857,0.1071428571428571,0.1785714285714285,0.0357142857142857,0.125,0.2142857142857142,1
823,0.0833333333333333,0.2777777777777778,0.4722222222222222,0.0,0.2083333333333333,0.4166666666666666,1
824,0.22781385281385277,0.26650432900432897,0.30519480519480513,0.01785714285714285,0.13379329004329,0.2497294372294372,4
825,0.0833333333333333,0.1666666666666666,0.2499999999999999,0.0,0.0416666666666666,0.0833333333333333,1
829,0.0737588652482269,0.10206318504190844,0.13036750483558993,0.024242424242424232,0.11625382167592184,0.20826521910941945,3
834,0.1693121693121693,0.29585537918871246,0.4223985890652557,0.049382716049382706,0.2202380952380952,0.39109347442680775,3
844,0.0434782608695652,0.0543478260869565,0.0652173913043478,0.0,0.0869565217391304,0.1739130434782608,1
848,0.0526315789473684,0.0921052631578947,0.13157894736842105,0.0,0.0607769423558897,0.1215538847117794,2
853,0.0077519379844961,0.0077519379844961,0.0077519379844961,0.0077519379844961,0.02713178294573643,0.04651162790697674,3
859,0.13247863247863242,0.17307692307692304,0.21367521367521367,0.0,0.08119658119658117,0.16239316239316237,3
865,0.0,0.0333333333333333,0.0666666666666666,0.0,0.0,0.0,1
866,0.0040650406504065,0.0040650406504065,0.0040650406504065,0.0,0.0,0.0,6
869,0.0,0.03306451612903225,0.0661290322580645,0.0,0.0125,0.025,2
873,0.0444444444444444,0.0888888888888888,0.1333333333333333,0.0,0.0555555555555555,0.1111111111111111,1
875,0.1785714285714285,0.1964285714285714,0.2142857142857142,0.1071428571428571,0.2321428571428571,0.3571428571428571,1
878,0.0909090909090909,0.0909090909090909,0.0909090909090909,0.0,0.0909090909090909,0.1818181818181818,1
885,0.1304347826086956,0.1304347826086956,0.1304347826086956,0.0,0.0652173913043478,0.1304347826086956,1
887,0.0555555555555555,0.0833333333333333,0.1111111111111111,0.0,0.0,0.0,1
888,0.1,0.1,0.1,0.0,0.1,0.2,1
889,0.0208695652173913,0.0208695652173913,0.0208695652173913,0.0,0.020434782608695648,0.040869565217391296,2
