year,human_effort_share,domestic_capital_total_share,identified_it_rd_software_art_capital_share,other_capital_mixed_share,foreign_content_share,college_labor_share_digitized,noncollege_labor_share_digitized,indirect_import_share_digitized,direct_import_share_digitized,method
1997,0.5011947116011153,0.4080821409023379,0.062417572392941933,0.345664568509396,0.09072314749654681,0.22034430630489735,0.28085040529621796,0.049192339771157716,0.04153080772538909,"Digitized grouped lines from BEA WP2026-01 Figure 9; capital total = residual to 100%. Approximate, not underlying microdata."
1998,0.513574257727047,0.3922585165830503,0.057718120087092206,0.33454039649595807,0.09416722568990273,0.22473580160738038,0.2888384561196667,0.04999999999999878,0.044167225689903944,"Digitized grouped lines from BEA WP2026-01 Figure 9; capital total = residual to 100%. Approximate, not underlying microdata."
1999,0.5079732033958027,0.40387228406629416,0.07272509096743168,0.3311471930988625,0.08815451253790316,0.22619047619047625,0.2817827272053264,0.0405949668372963,0.04755954570060686,"Digitized grouped lines from BEA WP2026-01 Figure 9; capital total = residual to 100%. Approximate, not underlying microdata."
2000,0.5041645415576994,0.39724728852345137,0.07487105575535558,0.3223762327680958,0.09858816991884924,0.22643086247642583,0.2777336790812736,0.046426351631600526,0.05216181828724871,"Digitized grouped lines from BEA WP2026-01 Figure 9; capital total = residual to 100%. Approximate, not underlying microdata."
2001,0.5071548082058056,0.3950733803155143,0.07347458732288048,0.32159879299263383,0.09777181147868005,0.23308960874909113,0.2740651994567145,0.044242078003258495,0.05352973347542155,"Digitized grouped lines from BEA WP2026-01 Figure 9; capital total = residual to 100%. Approximate, not underlying microdata."
2002,0.503998535790416,0.3972576082004104,0.07232180874857658,0.3249357994518338,0.09874385600917361,0.23789204739772368,0.2661064883926923,0.04402062677582881,0.0547232292333448,"Digitized grouped lines from BEA WP2026-01 Figure 9; capital total = residual to 100%. Approximate, not underlying microdata."
2003,0.49473114241760496,0.40295558072809634,0.07553782012972682,0.3274177605983695,0.10231327685429871,0.2337856602035128,0.26094548221409214,0.04639306405168132,0.05592021280261739,"Digitized grouped lines from BEA WP2026-01 Figure 9; capital total = residual to 100%. Approximate, not underlying microdata."
2004,0.48860836244581773,0.4043890110429809,0.07558844199449943,0.3288005690484815,0.10700262651120136,0.23572609573561212,0.2528822667102056,0.04985976936834422,0.05714285714285714,"Digitized grouped lines from BEA WP2026-01 Figure 9; capital total = residual to 100%. Approximate, not underlying microdata."
2005,0.47718280838455923,0.4012823939444215,0.06699360978010849,0.334288784164313,0.1215347976710192,0.23149803286266157,0.24568477552189766,0.06433541968609878,0.05719937798492042,"Digitized grouped lines from BEA WP2026-01 Figure 9; capital total = residual to 100%. Approximate, not underlying microdata."
2006,0.4726395893922716,0.4009389264423713,0.066415116918562,0.3345238095238093,0.12642148416535717,0.23176598965805886,0.24087359973421268,0.06685216893343192,0.05956931523192525,"Digitized grouped lines from BEA WP2026-01 Figure 9; capital total = residual to 100%. Approximate, not underlying microdata."
2007,0.46739596348454293,0.4059936102714915,0.0710779838632804,0.3349156264082111,0.12661042624396557,0.2292828805882473,0.23811308289629562,0.06799119467366543,0.05861923157030013,"Digitized grouped lines from BEA WP2026-01 Figure 9; capital total = residual to 100%. Approximate, not underlying microdata."
2008,0.4559782930389737,0.4150197269864816,0.07195048116577779,0.3430692458207038,0.12900197997454466,0.22576035291307456,0.23021794012589913,0.07081286196941018,0.05818911800513447,"Digitized grouped lines from BEA WP2026-01 Figure 9; capital total = residual to 100%. Approximate, not underlying microdata."
2009,0.47030402898695595,0.41627525074625293,0.06271961898687506,0.3535556317593779,0.11342072026679104,0.23960757276300007,0.23069645622395588,0.060458132178603054,0.05296258808818798,"Digitized grouped lines from BEA WP2026-01 Figure 9; capital total = residual to 100%. Approximate, not underlying microdata."
2010,0.45611874236874206,0.42353079212454287,0.06520655270655351,0.35832423941798935,0.12035046550671508,0.23317523911273896,0.22294350325600312,0.06443528693528665,0.055915178571428435,"Digitized grouped lines from BEA WP2026-01 Figure 9; capital total = residual to 100%. Approximate, not underlying microdata."
2011,0.45092888130567355,0.424475043071708,0.06939352448377151,0.3550815185879365,0.12459607562261843,0.2339537072265911,0.21697517407908243,0.06864369467023748,0.05595238095238095,"Digitized grouped lines from BEA WP2026-01 Figure 9; capital total = residual to 100%. Approximate, not underlying microdata."
2012,0.4592640846025894,0.418705359624899,0.06585163271265465,0.35285372691224437,0.12203055577251161,0.24259741793592263,0.21666666666666679,0.06617707298769143,0.05585348278482018,"Digitized grouped lines from BEA WP2026-01 Figure 9; capital total = residual to 100%. Approximate, not underlying microdata."
2013,0.4595238095238092,0.42462123107817584,0.06756568596398538,0.35705554511419046,0.11585495939801493,0.24285714285714255,0.21666666666666665,0.06325970950123752,0.052595249896777406,"Digitized grouped lines from BEA WP2026-01 Figure 9; capital total = residual to 100%. Approximate, not underlying microdata."
2014,0.459047308459107,0.4274502571031034,0.07148373566748523,0.3559665214356182,0.11350243443778957,0.24238064179244037,0.21666666666666662,0.06233574139557528,0.051166693042214294,"Digitized grouped lines from BEA WP2026-01 Figure 9; capital total = residual to 100%. Approximate, not underlying microdata."
2015,0.4680966778398996,0.4226601517693761,0.06789257650027475,0.35476757526910135,0.10924317039072431,0.2527650967364157,0.21533158110348397,0.05802075572142452,0.05122241466929979,"Digitized grouped lines from BEA WP2026-01 Figure 9; capital total = residual to 100%. Approximate, not underlying microdata."
2016,0.4717001138823953,0.42212119375022183,0.06862770538444868,0.35349348836577316,0.10617869236738284,0.2594012755267566,0.21229883835563867,0.05731407712007829,0.04886461524730454,"Digitized grouped lines from BEA WP2026-01 Figure 9; capital total = residual to 100%. Approximate, not underlying microdata."
2017,0.4751840386564132,0.41939903901533093,0.06924175961696749,0.35015727939836344,0.10541692232825586,0.26116773935379495,0.21401629930261823,0.05660739851873207,0.0488095238095238,"Digitized grouped lines from BEA WP2026-01 Figure 9; capital total = residual to 100%. Approximate, not underlying microdata."
2018,0.47307545776468307,0.4228445957679421,0.072844595767942,0.3500000000000001,0.10407994646737487,0.26571105203721157,0.2073644057274715,0.05648676917454378,0.047593177292831086,"Digitized grouped lines from BEA WP2026-01 Figure 9; capital total = residual to 100%. Approximate, not underlying microdata."
2019,0.47494601135852366,0.4229250766686471,0.07339687398835426,0.34952820268029283,0.10212891197282928,0.26938694857714807,0.20555906278137556,0.05331173954015157,0.04881717243267771,"Digitized grouped lines from BEA WP2026-01 Figure 9; capital total = residual to 100%. Approximate, not underlying microdata."
2020,0.48517326373926495,0.42239434902384565,0.07995551523342959,0.34243883379041606,0.09243238723688943,0.2860969774654962,0.1990762862737687,0.04218979486133654,0.05024259237555289,"Digitized grouped lines from BEA WP2026-01 Figure 9; capital total = residual to 100%. Approximate, not underlying microdata."
2021,0.47377919765307375,0.4216466699534105,0.07467223516614102,0.34697443478726947,0.10457413239351576,0.27644143114687836,0.19733776650619542,0.05212028544220857,0.05245384695130719,"Digitized grouped lines from BEA WP2026-01 Figure 9; capital total = residual to 100%. Approximate, not underlying microdata."
2022,0.47616371393167345,0.4115128499289202,0.07212039905960732,0.33939245086931286,0.11232343613940637,0.27346845325103236,0.20269526068064106,0.05994468024899152,0.05237875589041486,"Digitized grouped lines from BEA WP2026-01 Figure 9; capital total = residual to 100%. Approximate, not underlying microdata."
2023,0.47225903771470273,0.43415352669686247,0.08374138866157177,0.3504121380352907,0.09358743558843487,0.267637227304715,0.20462181040998773,0.04371091409861297,0.0498765214898219,"Digitized grouped lines from BEA WP2026-01 Figure 9; capital total = residual to 100%. Approximate, not underlying microdata."
