observation_date,CUSR0000SAD
1956-01-01,35.700
1956-02-01,35.800
1956-03-01,35.800
1956-04-01,35.700
1956-05-01,35.800
1956-06-01,35.900
1956-07-01,36.100
1956-08-01,36.200
1956-09-01,36.300
1956-10-01,36.600
1956-11-01,36.600
1956-12-01,36.700
1957-01-01,36.900
1957-02-01,37.000
1957-03-01,37.200
1957-04-01,37.300
1957-05-01,37.200
1957-06-01,37.300
1957-07-01,37.200
1957-08-01,37.300
1957-09-01,37.400
1957-10-01,37.100
1957-11-01,37.600
1957-12-01,37.600
1958-01-01,37.700
1958-02-01,37.700
1958-03-01,37.700
1958-04-01,37.700
1958-05-01,37.800
1958-06-01,37.700
1958-07-01,37.800
1958-08-01,37.800
1958-09-01,37.900
1958-10-01,37.800
1958-11-01,38.100
1958-12-01,38.200
1959-01-01,38.100
1959-02-01,38.100
1959-03-01,38.300
1959-04-01,38.300
1959-05-01,38.400
1959-06-01,38.400
1959-07-01,38.500
1959-08-01,38.400
1959-09-01,38.500
1959-10-01,38.500
1959-11-01,38.500
1959-12-01,38.500
1960-01-01,38.500
1960-02-01,38.500
1960-03-01,38.400
1960-04-01,38.300
1960-05-01,38.200
1960-06-01,38.100
1960-07-01,38.100
1960-08-01,38.100
1960-09-01,37.900
1960-10-01,37.900
1960-11-01,37.800
1960-12-01,37.900
1961-01-01,37.800
1961-02-01,37.900
1961-03-01,37.900
1961-04-01,37.900
1961-05-01,38.000
1961-06-01,38.100
1961-07-01,38.200
1961-08-01,38.300
1961-09-01,38.300
1961-10-01,38.300
1961-11-01,38.300
1961-12-01,38.300
1962-01-01,38.300
1962-02-01,38.300
1962-03-01,38.400
1962-04-01,38.500
1962-05-01,38.600
1962-06-01,38.600
1962-07-01,38.600
1962-08-01,38.700
1962-09-01,38.700
1962-10-01,38.600
1962-11-01,38.600
1962-12-01,38.500
1963-01-01,38.300
1963-02-01,38.300
1963-03-01,38.500
1963-04-01,38.500
1963-05-01,38.500
1963-06-01,38.600
1963-07-01,38.700
1963-08-01,38.700
1963-09-01,38.700
1963-10-01,38.800
1963-11-01,38.800
1963-12-01,38.900
1964-01-01,38.900
1964-02-01,39.000
1964-03-01,39.000
1964-04-01,39.000
1964-05-01,38.900
1964-06-01,38.900
1964-07-01,38.900
1964-08-01,38.900
1964-09-01,39.000
1964-10-01,38.900
1964-11-01,39.000
1964-12-01,39.000
1965-01-01,39.200
1965-02-01,39.100
1965-03-01,39.100
1965-04-01,39.000
1965-05-01,38.900
1965-06-01,38.800
1965-07-01,38.700
1965-08-01,38.500
1965-09-01,38.500
1965-10-01,38.500
1965-11-01,38.600
1965-12-01,38.700
1966-01-01,38.600
1966-02-01,38.600
1966-03-01,38.700
1966-04-01,38.700
1966-05-01,38.800
1966-06-01,38.800
1966-07-01,38.900
1966-08-01,39.000
1966-09-01,39.000
1966-10-01,39.000
1966-11-01,39.000
1966-12-01,38.900
1967-01-01,38.900
1967-02-01,39.000
1967-03-01,39.000
1967-04-01,39.100
1967-05-01,39.200
1967-06-01,39.300
1967-07-01,39.400
1967-08-01,39.600
1967-09-01,39.800
1967-10-01,39.900
1967-11-01,40.000
1967-12-01,40.200
1968-01-01,40.200
1968-02-01,40.300
1968-03-01,40.400
1968-04-01,40.400
1968-05-01,40.400
1968-06-01,40.500
1968-07-01,40.700
1968-08-01,40.800
1968-09-01,40.900
1968-10-01,40.900
1968-11-01,41.300
1968-12-01,41.100
1969-01-01,41.100
1969-02-01,41.600
1969-03-01,42.100
1969-04-01,42.200
1969-05-01,42.000
1969-06-01,42.100
1969-07-01,42.200
1969-08-01,42.300
1969-09-01,42.300
1969-10-01,42.700
1969-11-01,42.800
1969-12-01,42.900
1970-01-01,43.000
1970-02-01,43.200
1970-03-01,43.300
1970-04-01,43.500
1970-05-01,43.800
1970-06-01,44.000
1970-07-01,44.100
1970-08-01,44.300
1970-09-01,44.500
1970-10-01,44.800
1970-11-01,45.100
1970-12-01,45.400
1971-01-01,45.500
1971-02-01,45.600
1971-03-01,45.700
1971-04-01,45.800
1971-05-01,46.000
1971-06-01,46.100
1971-07-01,46.200
1971-08-01,46.100
1971-09-01,46.000
1971-10-01,46.000
1971-11-01,46.100
1971-12-01,46.200
1972-01-01,46.400
1972-02-01,46.500
1972-03-01,46.500
1972-04-01,46.600
1972-05-01,46.700
1972-06-01,46.800
1972-07-01,47.000
1972-08-01,47.100
1972-09-01,47.200
1972-10-01,47.200
1972-11-01,47.300
1972-12-01,47.500
1973-01-01,47.500
1973-02-01,47.600
1973-03-01,47.700
1973-04-01,47.900
1973-05-01,48.000
1973-06-01,48.000
1973-07-01,48.100
1973-08-01,48.200
1973-09-01,48.200
1973-10-01,48.400
1973-11-01,48.500
1973-12-01,48.600
1974-01-01,48.900
1974-02-01,49.100
1974-03-01,49.300
1974-04-01,49.700
1974-05-01,50.300
1974-06-01,51.000
1974-07-01,51.600
1974-08-01,52.300
1974-09-01,53.000
1974-10-01,53.800
1974-11-01,54.300
1974-12-01,54.800
1975-01-01,55.300
1975-02-01,55.800
1975-03-01,56.400
1975-04-01,56.800
1975-05-01,57.000
1975-06-01,57.200
1975-07-01,57.600
1975-08-01,57.900
1975-09-01,58.300
1975-10-01,58.500
1975-11-01,58.800
1975-12-01,59.000
1976-01-01,59.100
1976-02-01,59.400
1976-03-01,59.700
1976-04-01,60.000
1976-05-01,60.400
1976-06-01,60.700
1976-07-01,61.100
1976-08-01,61.500
1976-09-01,61.800
1976-10-01,62.100
1976-11-01,62.200
1976-12-01,62.600
1977-01-01,63.000
1977-02-01,63.400
1977-03-01,63.800
1977-04-01,64.100
1977-05-01,64.300
1977-06-01,64.400
1977-07-01,64.500
1977-08-01,64.600
1977-09-01,64.800
1977-10-01,64.900
1977-11-01,65.200
1977-12-01,65.500
1978-01-01,65.800
1978-02-01,66.300
1978-03-01,67.000
1978-04-01,67.400
1978-05-01,68.000
1978-06-01,68.500
1978-07-01,68.800
1978-08-01,69.200
1978-09-01,69.700
1978-10-01,70.200
1978-11-01,70.600
1978-12-01,71.200
1979-01-01,71.900
1979-02-01,72.800
1979-03-01,73.600
1979-04-01,74.400
1979-05-01,74.800
1979-06-01,75.300
1979-07-01,75.600
1979-08-01,76.100
1979-09-01,76.400
1979-10-01,76.900
1979-11-01,77.900
1979-12-01,78.600
1980-01-01,79.500
1980-02-01,80.100
1980-03-01,80.800
1980-04-01,81.100
1980-05-01,81.800
1980-06-01,82.200
1980-07-01,82.400
1980-08-01,83.600
1980-09-01,84.800
1980-10-01,85.700
1980-11-01,86.600
1980-12-01,86.900
1981-01-01,87.200
1981-02-01,87.400
1981-03-01,87.400
1981-04-01,87.500
1981-05-01,88.500
1981-06-01,89.300
1981-07-01,90.200
1981-08-01,91.000
1981-09-01,91.700
1981-10-01,91.400
1981-11-01,91.500
1981-12-01,91.900
1982-01-01,92.100
1982-02-01,92.700
1982-03-01,92.800
1982-04-01,93.300
1982-05-01,94.700
1982-06-01,95.900
1982-07-01,96.300
1982-08-01,96.300
1982-09-01,96.200
1982-10-01,96.600
1982-11-01,96.800
1982-12-01,97.300
1983-01-01,97.700
1983-02-01,97.900
1983-03-01,98.400
1983-04-01,98.300
1983-05-01,98.500
1983-06-01,99.000
1983-07-01,99.700
1983-08-01,100.200
1983-09-01,101.100
1983-10-01,101.700
1983-11-01,102.500
1983-12-01,103.000
1984-01-01,103.000
1984-02-01,102.900
1984-03-01,103.500
1984-04-01,104.400
1984-05-01,105.200
1984-06-01,105.500
1984-07-01,105.700
1984-08-01,106.000
1984-09-01,106.400
1984-10-01,106.300
1984-11-01,106.200
1984-12-01,106.100
1985-01-01,106.100
1985-02-01,106.800
1985-03-01,107.200
1985-04-01,107.500
1985-05-01,107.100
1985-06-01,106.700
1985-07-01,106.400
1985-08-01,106.500
1985-09-01,106.600
1985-10-01,106.800
1985-11-01,106.700
1985-12-01,106.700
1986-01-01,106.700
1986-02-01,106.300
1986-03-01,106.300
1986-04-01,106.200
1986-05-01,106.300
1986-06-01,106.600
1986-07-01,106.500
1986-08-01,106.700
1986-09-01,106.900
1986-10-01,106.800
1986-11-01,106.800
1986-12-01,106.800
1987-01-01,106.900
1987-02-01,106.700
1987-03-01,107.100
1987-04-01,107.700
1987-05-01,107.900
1987-06-01,108.200
1987-07-01,108.600
1987-08-01,108.900
1987-09-01,108.900
1987-10-01,109.000
1987-11-01,109.300
1987-12-01,109.100
1988-01-01,108.900
1988-02-01,109.100
1988-03-01,109.500
1988-04-01,109.700
1988-05-01,109.900
1988-06-01,110.200
1988-07-01,110.500
1988-08-01,110.800
1988-09-01,111.200
1988-10-01,111.300
1988-11-01,111.500
1988-12-01,111.900
1989-01-01,112.000
1989-02-01,112.200
1989-03-01,111.900
1989-04-01,111.900
1989-05-01,111.900
1989-06-01,112.100
1989-07-01,112.000
1989-08-01,111.900
1989-09-01,111.900
1989-10-01,112.300
1989-11-01,112.700
1989-12-01,113.100
1990-01-01,113.300
1990-02-01,113.400
1990-03-01,113.300
1990-04-01,113.200
1990-05-01,113.200
1990-06-01,113.000
1990-07-01,113.200
1990-08-01,113.400
1990-09-01,113.400
1990-10-01,113.800
1990-11-01,113.800
1990-12-01,114.100
1991-01-01,114.500
1991-02-01,115.100
1991-03-01,115.300
1991-04-01,115.500
1991-05-01,115.900
1991-06-01,116.100
1991-07-01,116.500
1991-08-01,116.400
1991-09-01,116.500
1991-10-01,116.500
1991-11-01,116.700
1991-12-01,116.800
1992-01-01,117.100
1992-02-01,117.300
1992-03-01,117.800
1992-04-01,118.100
1992-05-01,118.300
1992-06-01,118.500
1992-07-01,118.700
1992-08-01,118.900
1992-09-01,119.100
1992-10-01,119.400
1992-11-01,119.800
1992-12-01,119.800
1993-01-01,119.800
1993-02-01,119.800
1993-03-01,120.100
1993-04-01,120.400
1993-05-01,120.700
1993-06-01,121.000
1993-07-01,121.200
1993-08-01,121.700
1993-09-01,122.100
1993-10-01,122.500
1993-11-01,122.900
1993-12-01,123.000
1994-01-01,123.200
1994-02-01,123.100
1994-03-01,123.300
1994-04-01,123.500
1994-05-01,124.300
1994-06-01,124.800
1994-07-01,125.300
1994-08-01,125.500
1994-09-01,125.700
1994-10-01,125.900
1994-11-01,126.300
1994-12-01,126.600
1995-01-01,126.900
1995-02-01,127.400
1995-03-01,127.600
1995-04-01,127.900
1995-05-01,128.000
1995-06-01,128.000
1995-07-01,128.000
1995-08-01,128.200
1995-09-01,128.300
1995-10-01,128.400
1995-11-01,128.600
1995-12-01,128.700
1996-01-01,129.000
1996-02-01,129.100
1996-03-01,129.300
1996-04-01,129.200
1996-05-01,129.200
1996-06-01,129.300
1996-07-01,129.300
1996-08-01,129.500
1996-09-01,129.700
1996-10-01,129.600
1996-11-01,129.500
1996-12-01,129.600
1997-01-01,129.400
1997-02-01,129.500
1997-03-01,129.600
1997-04-01,129.300
1997-05-01,129.300
1997-06-01,129.000
1997-07-01,128.600
1997-08-01,128.300
1997-09-01,128.100
1997-10-01,128.100
1997-11-01,127.800
1997-12-01,127.700
1998-01-01,127.800
1998-02-01,127.900
1998-03-01,127.700
1998-04-01,127.800
1998-05-01,127.500
1998-06-01,127.500
1998-07-01,127.800
1998-08-01,127.800
1998-09-01,127.300
1998-10-01,127.100
1998-11-01,127.200
1998-12-01,127.000
1999-01-01,126.700
1999-02-01,126.200
1999-03-01,125.900
1999-04-01,125.900
1999-05-01,125.700
1999-06-01,125.800
1999-07-01,125.900
1999-08-01,126.000
1999-09-01,126.100
1999-10-01,126.100
1999-11-01,125.800
1999-12-01,125.500
2000-01-01,125.300
2000-02-01,125.100
2000-03-01,125.500
2000-04-01,125.400
2000-05-01,125.800
2000-06-01,125.500
2000-07-01,125.400
2000-08-01,125.300
2000-09-01,125.300
2000-10-01,125.200
2000-11-01,125.300
2000-12-01,125.500
2001-01-01,125.500
2001-02-01,125.700
2001-03-01,125.400
2001-04-01,125.200
2001-05-01,124.800
2001-06-01,124.600
2001-07-01,124.400
2001-08-01,124.200
2001-09-01,123.900
2001-10-01,123.900
2001-11-01,124.000
2001-12-01,124.000
2002-01-01,123.200
2002-02-01,122.300
2002-03-01,121.900
2002-04-01,121.700
2002-05-01,121.600
2002-06-01,121.400
2002-07-01,121.300
2002-08-01,121.300
2002-09-01,121.100
2002-10-01,120.900
2002-11-01,120.400
2002-12-01,120.000
2003-01-01,119.500
2003-02-01,119.300
2003-03-01,119.300
2003-04-01,119.000
2003-05-01,118.400
2003-06-01,118.000
2003-07-01,117.600
2003-08-01,117.200
2003-09-01,116.200
2003-10-01,115.500
2003-11-01,115.100
2003-12-01,114.900
2004-01-01,114.800
2004-02-01,114.900
2004-03-01,114.800
2004-04-01,114.700
2004-05-01,114.700
2004-06-01,114.500
2004-07-01,114.300
2004-08-01,114.000
2004-09-01,114.600
2004-10-01,115.000
2004-11-01,115.400
2004-12-01,115.500
2005-01-01,115.700
2005-02-01,115.600
2005-03-01,115.400
2005-04-01,115.300
2005-05-01,115.500
2005-06-01,115.400
2005-07-01,115.000
2005-08-01,114.700
2005-09-01,115.100
2005-10-01,115.100
2005-11-01,115.000
2005-12-01,115.000
2006-01-01,115.000
2006-02-01,114.900
2006-03-01,114.800
2006-04-01,114.900
2006-05-01,114.800
2006-06-01,114.600
2006-07-01,114.700
2006-08-01,114.500
2006-09-01,114.300
2006-10-01,114.000
2006-11-01,113.600
2006-12-01,113.400
2007-01-01,113.079
2007-02-01,112.972
2007-03-01,112.936
2007-04-01,112.805
2007-05-01,112.534
2007-06-01,112.365
2007-07-01,112.092
2007-08-01,112.117
2007-09-01,112.116
2007-10-01,112.086
2007-11-01,112.246
2007-12-01,112.244
2008-01-01,112.229
2008-02-01,111.975
2008-03-01,111.885
2008-04-01,111.553
2008-05-01,111.275
2008-06-01,111.098
2008-07-01,111.007
2008-08-01,110.720
2008-09-01,110.342
2008-10-01,109.877
2008-11-01,109.410
2008-12-01,109.069
2009-01-01,109.025
2009-02-01,109.221
2009-03-01,109.264
2009-04-01,109.404
2009-05-01,109.650
2009-06-01,109.983
2009-07-01,109.924
2009-08-01,109.129
2009-09-01,109.387
2009-10-01,110.684
2009-11-01,111.159
2009-12-01,111.477
2010-01-01,111.934
2010-02-01,111.811
2010-03-01,111.683
2010-04-01,111.397
2010-05-01,111.206
2010-06-01,110.989
2010-07-01,111.085
2010-08-01,111.239
2010-09-01,111.283
2010-10-01,111.201
2010-11-01,111.005
2010-12-01,111.034
2011-01-01,111.106
2011-02-01,111.401
2011-03-01,111.753
2011-04-01,112.122
2011-05-01,112.552
2011-06-01,112.922
2011-07-01,113.204
2011-08-01,113.306
2011-09-01,113.220
2011-10-01,113.091
2011-11-01,113.027
2011-12-01,112.984
2012-01-01,112.944
2012-02-01,112.996
2012-03-01,112.952
2012-04-01,113.040
2012-05-01,113.091
2012-06-01,113.041
2012-07-01,113.131
2012-08-01,112.806
2012-09-01,112.421
2012-10-01,112.327
2012-11-01,112.399
2012-12-01,112.389
2013-01-01,112.497
2013-02-01,112.379
2013-03-01,112.209
2013-04-01,112.014
2013-05-01,111.879
2013-06-01,111.782
2013-07-01,111.688
2013-08-01,111.621
2013-09-01,111.712
2013-10-01,111.722
2013-11-01,111.677
2013-12-01,111.625
2014-01-01,111.301
2014-02-01,111.053
2014-03-01,110.775
2014-04-01,110.607
2014-05-01,110.398
2014-06-01,110.199
2014-07-01,110.218
2014-08-01,110.202
2014-09-01,110.135
2014-10-01,110.252
2014-11-01,109.796
2014-12-01,109.446
2015-01-01,108.977
2015-02-01,109.185
2015-03-01,109.316
2015-04-01,109.477
2015-05-01,109.465
2015-06-01,109.425
2015-07-01,109.242
2015-08-01,109.057
2015-09-01,109.148
2015-10-01,108.995
2015-11-01,108.765
2015-12-01,108.539
2016-01-01,108.232
2016-02-01,108.260
2016-03-01,108.137
2016-04-01,107.939
2016-05-01,107.693
2016-06-01,107.290
2016-07-01,107.099
2016-08-01,106.915
2016-09-01,106.752
2016-10-01,106.578
2016-11-01,106.337
2016-12-01,106.207
2017-01-01,106.536
2017-02-01,106.450
2017-03-01,106.073
2017-04-01,105.910
2017-05-01,105.692
2017-06-01,105.275
2017-07-01,104.749
2017-08-01,104.561
2017-09-01,104.557
2017-10-01,104.278
2017-11-01,104.423
2017-12-01,104.798
2018-01-01,104.710
2018-02-01,104.694
2018-03-01,104.957
2018-04-01,104.611
2018-05-01,104.197
2018-06-01,104.002
2018-07-01,104.296
2018-08-01,104.203
2018-09-01,103.864
2018-10-01,104.157
2018-11-01,104.550
2018-12-01,104.717
2019-01-01,105.191
2019-02-01,105.247
2019-03-01,105.462
2019-04-01,104.980
2019-05-01,104.452
2019-06-01,104.454
2019-07-01,104.615
2019-08-01,104.632
2019-09-01,104.696
2019-10-01,104.678
2019-11-01,104.581
2019-12-01,104.362
2020-01-01,104.307
2020-02-01,104.722
2020-03-01,104.818
2020-04-01,104.288
2020-05-01,104.039
2020-06-01,103.543
2020-07-01,104.584
2020-08-01,106.422
2020-09-01,107.527
2020-10-01,108.063
2020-11-01,108.116
2020-12-01,108.229
2021-01-01,108.045
2021-02-01,108.345
2021-03-01,109.000
2021-04-01,112.290
2021-05-01,115.005
2021-06-01,118.657
2021-07-01,119.362
2021-08-01,119.491
2021-09-01,120.067
2021-10-01,122.112
2021-11-01,124.165
2021-12-01,126.453
2022-01-01,128.028
2022-02-01,128.701
2022-03-01,128.044
2022-04-01,127.925
2022-05-01,127.939
2022-06-01,128.507
2022-07-01,128.777
2022-08-01,128.856
2022-09-01,128.613
2022-10-01,127.996
2022-11-01,127.170
2022-12-01,126.442
2023-01-01,126.436
2023-02-01,126.384
2023-03-01,126.815
2023-04-01,127.626
2023-05-01,127.797
2023-06-01,127.404
2023-07-01,126.956
2023-08-01,126.343
2023-09-01,125.739
2023-10-01,125.407
2023-11-01,125.181
2023-12-01,124.994
2024-01-01,124.418
2024-02-01,124.381
2024-03-01,124.163
2024-04-01,123.474
2024-05-01,122.856
2024-06-01,122.156
2024-07-01,121.712
2024-08-01,121.097
2024-09-01,122.079
2024-10-01,122.373
2024-11-01,122.676
2024-12-01,122.747
2025-01-01,122.907
2025-02-01,122.820
2025-03-01,122.926
2025-04-01,122.940
2025-05-01,122.849
2025-06-01,122.888
2025-07-01,123.259
2025-08-01,123.481
2025-09-01,124.265
2025-10-01,
2025-11-01,124.457
2025-12-01,124.254
2026-01-01,123.458
2026-02-01,122.888
2026-03-01,122.992
2026-04-01,122.813
2026-05-01,122.695
2026-06-01,122.671
2026-07-01,123.055
