year,panel_tier,pce_b,dpi_b,hard_minimum_intertemporal_share_pce,labor_financing_source_free_lower_share_pce,labor_financing_source_free_upper_share_pce,labor_financing_proportional_tax_lower_share_pce,labor_financing_proportional_tax_upper_share_pce,labor_financing_weak_central_share_pce,net_personal_selfemp_social_contrib_b,personal_current_taxes_b,source_profile_status,remaining_weakness
2004,STRONG_ANNUAL_DPI_RANKED_SOURCE_PROFILES__PARTIAL_IDENTIFICATION,8231.96,8967.128,0.09946429480839725,0.5981587436548602,0.8310330596834193,0.6330446738113217,0.7921371764085725,0.6963829104648008,420.48799999999983,1048.745,ACTUAL ANNUAL BEA DPI-RANKED PROFILE,"Proprietor labor split, transfer funding look-through, personal-tax source incidence, and within-decile spending-source fungibility."
2005,STRONG_ANNUAL_DPI_RANKED_SOURCE_PROFILES__PARTIAL_IDENTIFICATION,8769.066,9333.646,0.11251213621994474,0.5886784442841294,0.8214257193904445,0.6266492498708092,0.7764880241687161,0.6875407166860984,445.28499999999997,1212.456,ACTUAL ANNUAL BEA DPI-RANKED PROFILE,"Proprietor labor split, transfer funding look-through, personal-tax source incidence, and within-decile spending-source fungibility."
2006,STRONG_ANNUAL_DPI_RANKED_SOURCE_PROFILES__PARTIAL_IDENTIFICATION,9277.236,9945.033,0.1183507310101227,0.5691694733652652,0.8156560662596587,0.6109582542397988,0.7687987646014557,0.6803642732024275,475.23199999999997,1356.963,ACTUAL ANNUAL BEA DPI-RANKED PROFILE,"Proprietor labor split, transfer funding look-through, personal-tax source incidence, and within-decile spending-source fungibility."
2007,STRONG_ANNUAL_DPI_RANKED_SOURCE_PROFILES__PARTIAL_IDENTIFICATION,9746.594,10439.63,0.10770002895370423,0.5700806125150425,0.8241777759138241,0.6156055124895685,0.7760361522342658,0.6832090117605464,499.74100000000004,1492.489,ACTUAL ANNUAL BEA DPI-RANKED PROFILE,"Proprietor labor split, transfer funding look-through, personal-tax source incidence, and within-decile spending-source fungibility."
2008,STRONG_ANNUAL_DPI_RANKED_SOURCE_PROFILES__PARTIAL_IDENTIFICATION,10050.083,10918.179,0.10427660837040661,0.5605014123317376,0.8254541697219238,0.6059619915413174,0.7769763215972253,0.6775020567609249,516.952,1507.501,ACTUAL ANNUAL BEA DPI-RANKED PROFILE,"Proprietor labor split, transfer funding look-through, personal-tax source incidence, and within-decile spending-source fungibility."
2009,STRONG_ANNUAL_DPI_RANKED_SOURCE_PROFILES__PARTIAL_IDENTIFICATION,9891.218,10913.304,0.08284026921659197,0.6007380370922578,0.8317752733386429,0.634178220601491,0.7944435714623997,0.6990017811020521,506.1740000000001,1152.378,ACTUAL ANNUAL BEA DPI-RANKED PROFILE,"Proprietor labor split, transfer funding look-through, personal-tax source incidence, and within-decile spending-source fungibility."
2010,STRONG_ANNUAL_DPI_RANKED_SOURCE_PROFILES__PARTIAL_IDENTIFICATION,10260.256,11319.008,0.0823289756745483,0.5958646005966682,0.8275010154084899,0.6308606662547609,0.7898787045394776,0.6961591206333546,514.7469999999997,1237.62,ACTUAL ANNUAL BEA DPI-RANKED PROFILE,"Proprietor labor split, transfer funding look-through, personal-tax source incidence, and within-decile spending-source fungibility."
2011,STRONG_ANNUAL_DPI_RANKED_SOURCE_PROFILES__PARTIAL_IDENTIFICATION,10698.857,11855.88,0.09463403829025849,0.5677311049544909,0.8206199771868254,0.6087830669422298,0.780301807181899,0.6823127663736147,423.909,1453.691,ACTUAL ANNUAL BEA DPI-RANKED PROFILE,"Proprietor labor split, transfer funding look-through, personal-tax source incidence, and within-decile spending-source fungibility."
2012,STRONG_ANNUAL_DPI_RANKED_SOURCE_PROFILES__PARTIAL_IDENTIFICATION,11047.363,12408.28,0.09120292508998025,0.5586665121037504,0.8220034179031491,0.6013495266846233,0.782986373736589,0.6821315030896984,437.2329999999999,1509.514,ACTUAL ANNUAL BEA DPI-RANKED PROFILE,"Proprietor labor split, transfer funding look-through, personal-tax source incidence, and within-decile spending-source fungibility."
2013,STRONG_ANNUAL_DPI_RANKED_SOURCE_PROFILES__PARTIAL_IDENTIFICATION,11388.233,12391.235,0.09324731634531587,0.5695768120788081,0.8189351718390084,0.6147239499089093,0.7774237086848664,0.6815804165202269,577.977,1677.535,ACTUAL ANNUAL BEA DPI-RANKED PROFILE,"Proprietor labor split, transfer funding look-through, personal-tax source incidence, and within-decile spending-source fungibility."
2014,STRONG_ANNUAL_DPI_RANKED_SOURCE_PROFILES__PARTIAL_IDENTIFICATION,11874.45,12998.394,0.09738743104436186,0.5553965963585821,0.8099984177625439,0.6023831913525716,0.7679688853951712,0.674838350836795,607.1320000000001,1785.68,ACTUAL ANNUAL BEA DPI-RANKED PROFILE,"Proprietor labor split, transfer funding look-through, personal-tax source incidence, and within-decile spending-source fungibility."
2015,STRONG_ANNUAL_DPI_RANKED_SOURCE_PROFILES__PARTIAL_IDENTIFICATION,12297.438,13532.854,0.09065907320485184,0.5584146415965522,0.822882620614434,0.6075358924822739,0.7771976372071109,0.6796571383070997,635.3870000000001,1940.888,ACTUAL ANNUAL BEA DPI-RANKED PROFILE,"Proprietor labor split, transfer funding look-through, personal-tax source incidence, and within-decile spending-source fungibility."
2016,STRONG_ANNUAL_DPI_RANKED_SOURCE_PROFILES__PARTIAL_IDENTIFICATION,12726.849,13928.899,0.09074777825996054,0.5596403449368719,0.822632603086013,0.6077340927563843,0.7778373893235548,0.6769487380708624,657.89,1958.752,ACTUAL ANNUAL BEA DPI-RANKED PROFILE,"Proprietor labor split, transfer funding look-through, personal-tax source incidence, and within-decile spending-source fungibility."
2017,STRONG_ANNUAL_DPI_RANKED_SOURCE_PROFILES__PARTIAL_IDENTIFICATION,13290.626,14613.927,0.09666181382636937,0.5482889579379875,0.8163090907891285,0.596766663675745,0.7711967970188734,0.671560558822047,694.2730000000001,2048.829,ACTUAL ANNUAL BEA DPI-RANKED PROFILE,"Proprietor labor split, transfer funding look-through, personal-tax source incidence, and within-decile spending-source fungibility."
2018,STRONG_ANNUAL_DPI_RANKED_SOURCE_PROFILES__PARTIAL_IDENTIFICATION,13934.442,15454.039,0.09805947329374558,0.5416521262549846,0.8185769666670094,0.5901203655353802,0.7784391039954078,0.6701094159705279,736.8939999999999,2074.153,ACTUAL ANNUAL BEA DPI-RANKED PROFILE,"Proprietor labor split, transfer funding look-through, personal-tax source incidence, and within-decile spending-source fungibility."
2019,STRONG_ANNUAL_DPI_RANKED_SOURCE_PROFILES__PARTIAL_IDENTIFICATION,14437.543,16164.498,0.0925847393735797,0.5436219918305765,0.8202595216156986,0.5927147438840972,0.77815255029474,0.6745421391437232,774.141,2198.663,ACTUAL ANNUAL BEA DPI-RANKED PROFILE,"Proprietor labor split, transfer funding look-through, personal-tax source incidence, and within-decile spending-source fungibility."
2020,STRONG_ANNUAL_DPI_RANKED_SOURCE_PROFILES__PARTIAL_IDENTIFICATION,14231.353,17383.429,0.05939986851566393,0.5562736592507163,0.8638903505852604,0.5984971064006407,0.8366428554380422,0.6994566205489378,790.7709999999998,2248.223,ACTUAL ANNUAL BEA DPI-RANKED PROFILE,"Proprietor labor split, transfer funding look-through, personal-tax source incidence, and within-decile spending-source fungibility."
2021,STRONG_ANNUAL_DPI_RANKED_SOURCE_PROFILES__PARTIAL_IDENTIFICATION,16119.682,18800.904,0.07431096790676821,0.5519790336675777,0.8428372054843016,0.5896515857320408,0.7989836815249257,0.6836636315970832,852.3760000000001,2698.006,ACTUAL ANNUAL BEA DPI-RANKED PROFILE,"Proprietor labor split, transfer funding look-through, personal-tax source incidence, and within-decile spending-source fungibility."
2022,STRONG_ANNUAL_DPI_RANKED_SOURCE_PROFILES__PARTIAL_IDENTIFICATION,17690.013,18910.518,0.11255786058805857,0.5234174307557511,0.8022359178734272,0.5819139940182825,0.7496095578055416,0.6566728707487597,938.1980000000001,3243.285,ACTUAL ANNUAL BEA DPI-RANKED PROFILE,"Proprietor labor split, transfer funding look-through, personal-tax source incidence, and within-decile spending-source fungibility."
2023,STRONG_ANNUAL_DPI_RANKED_SOURCE_PROFILES__PARTIAL_IDENTIFICATION,18833.15,20749.273,0.10620144410255322,0.5266029590438285,0.801122476433634,0.573494869324385,0.7580172260932241,0.6581450230175633,985.7839999999997,2835.743,ACTUAL ANNUAL BEA DPI-RANKED PROFILE,"Proprietor labor split, transfer funding look-through, personal-tax source incidence, and within-decile spending-source fungibility."
