year,legal_form_tier,proprietor_effort_tier,employee_comp_share_resources,proprietors_share_resources,rental_share_resources,interest_share_resources,dividends_share_resources,transfers_share_resources,proprietor_effort_share_low,proprietor_effort_share_mid,proprietor_effort_share_high,transfer_wage_exposure_low,transfer_wage_exposure_mid,transfer_wage_exposure_high,labor_origin_current_resource_share_low,labor_origin_current_resource_share_mid,labor_origin_current_resource_share_high,ownership_origin_current_resource_share_mid,fiscal_nonlabor_or_unresolved_current_resource_share_mid
1950,WEAK_COMPOSITION_BACKCAST,WEAK_LOGIT_BACKCAST,0.6556468062521762,0.14175281915802393,0.0792201292323759,0.0514235516939435,0.03552885302686747,0.03642784063661295,0.6789844405230424,0.7515414106963423,0.8137765815935232,0.6709338471568947,0.7919452711056492,0.9150797024921019,0.7763354361226922,0.7910287760611369,0.8043363084300192,0.201392239431006,0.007578984507857125
1951,WEAK_COMPOSITION_BACKCAST,WEAK_LOGIT_BACKCAST,0.6596970412416505,0.139308566516989,0.07462881040736564,0.053219148210937546,0.03527876566635694,0.037867667956700296,0.6747071807656335,0.7473624207165,0.8099294341400493,0.6709338471568945,0.7919452711056492,0.9150797024921029,0.7790962315578788,0.7938001493064408,0.807179084019504,0.19832130330296668,0.007878547390592579
1952,WEAK_COMPOSITION_BACKCAST,WEAK_LOGIT_BACKCAST,0.6634565366124591,0.13684520057870342,0.07027807230567507,0.055052944782664,0.03501484616078349,0.03935239955971485,0.6704005952232179,0.7431371650693392,0.806021754189739,0.6709338471568943,0.7919452711056498,0.9150797024921015,0.7816004973653173,0.7963162377618381,0.8097673273168066,0.19549630941642324,0.00818745282173862
1953,WEAK_COMPOSITION_BACKCAST,WEAK_LOGIT_BACKCAST,0.6669286269802117,0.13436666510545647,0.06615842627215444,0.056925212473346344,0.03473792939744116,0.04088313977138998,0.6660652131113857,0.7388659349178118,0.8020533705422194,0.6709338471568939,0.7919452711056503,0.9150797024921026,0.7838554706594154,0.7985847878250469,0.8121091949955073,0.1929092816134668,0.008505930561486349
1954,WEAK_COMPOSITION_BACKCAST,WEAK_LOGIT_BACKCAST,0.6701168579191243,0.13187672658071464,0.062260351682173476,0.05883621808952707,0.0344488304913417,0.04246101523711867,0.6617015818306508,0.7345490508115478,0.7980241457393428,0.6709338471568953,0.7919452711056488,0.9150797024921015,0.7858684288114591,0.8006135824765035,0.8142128831822952,0.19055220250975896,0.00883421501373764
1955,WEAK_COMPOSITION_BACKCAST,WEAK_LOGIT_BACKCAST,0.673024934514939,0.12937896942581195,0.05857435984146656,0.06078622088616076,0.03414834233553244,0.044087172996089115,0.657310266809791,0.7301868630403744,0.7939339772588216,0.6709338471568946,0.7919452711056487,0.9150797024921024,0.787646636016333,0.8024103865140387,0.8160865714338007,0.1884170686605416,0.009172544825419687
1956,WEAK_COMPOSITION_BACKCAST,WEAK_LOGIT_BACKCAST,0.6756566758717567,0.12687679336921867,0.055091049599034055,0.06277546914949145,0.03383723368643272,0.045762778324066444,0.6528918513266224,0.725779751956219,0.789782798694393,0.6709338471568943,0.7919452711056496,0.9150797024921022,0.7891972973025252,0.8039828993786692,0.8177383744022672,0.1864959381836649,0.009521162437665898
1957,WEAK_COMPOSITION_BACKCAST,WEAK_LOGIT_BACKCAST,0.6780159754132957,0.12437341271412117,0.05180115510272661,0.06480419668452665,0.033516247732921785,0.047489012352407996,0.6484469363060844,0.7213281282617834,0.7855705809192528,0.6709338471568944,0.7919452711056488,0.9150797024921025,0.7905275196009822,0.8053387151738705,0.8191763007851233,0.1847809712356889,0.009880313590440741
1958,WEAK_COMPOSITION_BACKCAST,WEAK_LOGIT_BACKCAST,0.6801067667407922,0.12187185725615257,0.04869558620347584,0.06687261923203033,0.033186101097387025,0.049267069470161885,0.6439761400955258,0.7168324332645052,0.7812973332293222,0.6709338471568951,0.7919452711056498,0.9150797024921015,0.7916442794206441,0.8064852894123128,0.8204082190841424,0.1832644638056535,0.010250246782033649
1959,WEAK_COMPOSITION_BACKCAST,WEAK_LOGIT_BACKCAST,0.6819329947519402,0.11937497461383784,0.0457654620637483,0.06898093083731416,0.03284748321773814,0.05109815451542136,0.6394800982171859,0.7122931390942663,0.7769631044628854,0.6709338471568952,0.7919452711056498,0.9150797024921016,0.7925543966343205,0.8074299119796429,0.821441829654953,0.18193887533564954,0.010631212684707606
1960,STRONG_LEGAL_FORM,WEAK_LOGIT_BACKCAST,0.6890090790587052,0.11568824753584743,0.03764950716948339,0.07122144212957669,0.0305669266128479,0.05586479749353947,0.6349594630978533,0.7077107488834469,0.7725679840929709,0.6709338471568955,0.7919452711056478,0.9150797024921031,0.7999480101037796,0.8151247575555964,0.8295068575108931,0.17325230714714723,0.011622935297256236
1961,STRONG_LEGAL_FORM,WEAK_LOGIT_BACKCAST,0.680420234930001,0.11660795973881079,0.037701026476203416,0.07323205200988117,0.030469881921261845,0.06156884492384173,0.6304149037757658,0.7030857969078842,0.7681121032888416,0.6896692639157121,0.803790889443483,0.919914648752442,0.7963937706069985,0.8118941118521079,0.826626302497409,0.17602551984739298,0.012080368300499114
1962,STRONG_LEGAL_FORM,WEAK_LOGIT_BACKCAST,0.6829726606990868,0.11355534265613501,0.037100693659206506,0.0761791589741903,0.030893944564828562,0.05929819944655289,0.6258471055848591,0.6984188486874474,0.7635956359428173,0.6893937822828875,0.8036167139595025,0.9198435567181653,0.7949207532231499,0.8099348765622473,0.824228091475203,0.17841994817415396,0.011645175263598866
1963,STRONG_LEGAL_FORM,WEAK_LOGIT_BACKCAST,0.6836228844559332,0.11002877627664244,0.036537092132858606,0.07894259376676582,0.03167536458079305,0.059193288787006776,0.6212567698165118,0.6937105010449078,0.759018799658661,0.6872313034199338,0.8022494692590544,0.9192854976567568,0.7926584875992311,0.8074387864892351,0.8215523260938454,0.18085570923683225,0.011705504273932655
1964,STRONG_LEGAL_FORM,WEAK_LOGIT_BACKCAST,0.6855940903694978,0.10782778044212817,0.03433851270895143,0.08195582365201598,0.033176936977678415,0.0571068558497282,0.6166446133590077,0.6889613821219566,0.7543818566976709,0.684639040319574,0.800610490008505,0.9186165265340831,0.7911830933342201,0.8056036148587453,0.8193967131449792,0.1830098771362225,0.011386508005032245
1965,STRONG_LEGAL_FORM,WEAK_LOGIT_BACKCAST,0.6850436542871094,0.10757186862653323,0.032672703524278944,0.0832667296374337,0.034141082680391815,0.057303961244252785,0.6120113683149399,0.684172151351199,0.7496851148785887,0.6862423837087739,0.8016242167965145,0.9190302925700065,0.7902032677576404,0.8045775741219553,0.8183527592438226,0.18405470768555393,0.011367718192490826
1966,STRONG_LEGAL_FORM,WEAK_LOGIT_BACKCAST,0.691618352058772,0.10458278039663652,0.03065142357465492,0.08358863357154513,0.031821442756811515,0.057737367641580016,0.6073577815969029,0.6793434993831398,0.744928928427463,0.6812947895466063,0.7984299254000063,0.9176071437517623,0.7944736852900545,0.8087652262075008,0.8225053116009388,0.17959664828977856,0.011638125502720541
1967,STRONG_LEGAL_FORM,WEAK_LOGIT_BACKCAST,0.6899193502193812,0.09948763331844061,0.02913387405345339,0.08514050703967191,0.03080214455098464,0.0655164908180683,0.6026846145018016,0.6744761479671633,0.7401136987735312,0.6674343813014257,0.7894799828392718,0.9136173643785165,0.7936069746678002,0.8087453439571104,0.8234085141614499,0.1774621232715591,0.013792532771330428
1968,STRONG_LEGAL_FORM,WEAK_LOGIT_BACKCAST,0.6921436787155297,0.09628310090216503,0.026206864174475954,0.08515926773097278,0.030691607700352886,0.06951548077650353,0.5979926422641968,0.6695708497857148,0.7352398752872759,0.6653835861808064,0.7881641870013424,0.9130457187290141,0.7959747245235586,0.8114016487968165,0.8264056659234854,0.1738724828169003,0.01472586838628318
1969,STRONG_LEGAL_FORM,WEAK_LOGIT_BACKCAST,0.6948469443559394,0.09154924554053347,0.02419120898978995,0.09048401439964239,0.02881711788399443,0.07011146883010039,0.593282653589145,0.664628388240884,0.7303079559567678,0.6546321467357844,0.7813590410445951,0.9102546417992234,0.795058745035359,0.8104754019155284,0.8255253766819911,0.17419535930568655,0.01532923877878513
1970,STRONG_LEGAL_FORM,WEAK_LOGIT_BACKCAST,0.6861435432189407,0.08564094492002568,0.02274571013749355,0.09975024188781469,0.02675570926790823,0.0789638505678172,0.58855545016505,0.6596495771928094,0.7253184879985316,0.655444931927059,0.7819034606609052,0.9105319518173742,0.7883044437690281,0.8043786643519151,0.8201596128796294,0.17839959310635453,0.017221742541730346
1971,STRONG_LEGAL_FORM,WEAK_LOGIT_BACKCAST,0.6776915512119559,0.08550595404911006,0.022244755494183525,0.10201016035423661,0.02550483304713813,0.08704274584337564,0.5838118461570617,0.6546352606493274,0.7202720683991553,0.6566158631837362,0.7826671823852229,0.9108863145353893,0.7847645877986186,0.8017922643642725,0.8185651475636646,0.17929049042865977,0.018917245207067758
1972,STRONG_LEGAL_FORM,WEAK_LOGIT_BACKCAST,0.6768167633460058,0.08800534543583438,0.021025442645768624,0.10157623724258429,0.024835546407933746,0.08774066492187296,0.5790526676816635,0.6495863124065184,0.7151693443840399,0.6525814772465077,0.7801252790923536,0.9098652261678947,0.7850344261201789,0.8024325418696563,0.8195876684769041,0.17827550391839558,0.01929195421194814
1973,STRONG_LEGAL_FORM,WEAK_LOGIT_BACKCAST,0.6703441369850133,0.09281330191192713,0.01906813039608624,0.10352566984262626,0.024646612286847634,0.08960214857749949,0.5742787522630781,0.6445036356398164,0.7100110138097002,0.6635002467475373,0.7870326537922123,0.9126920268016003,0.7830958918906914,0.8006824642834197,0.8180217701615026,0.18023520391951434,0.019082331797065963
1974,STRONG_LEGAL_FORM,WEAK_LOGIT_BACKCAST,0.6663216394372878,0.08422742673738348,0.017399730683604276,0.11064640438592409,0.02491026539824749,0.0964945333575528,0.5694909482722045,0.6393881624455828,0.7047978254762381,0.6622734329913428,0.7862532006807246,0.9123675521783603,0.7781941624320922,0.7960447947469923,0.8137234278452785,0.18332980759602374,0.020625397656983967
1975,STRONG_LEGAL_FORM,WEAK_LOGIT_BACKCAST,0.6524278612036748,0.08143931827855969,0.01535416095557818,0.11574028793528826,0.022675833795960196,0.11236253783093891,0.5646901143488292,0.6342408533330767,0.6995305793566738,0.6712303342050403,0.79192975501399,0.914709218450069,0.7738369829752729,0.7930632409807382,0.8121762038638927,0.1835574582455286,0.023379300773733278
1976,STRONG_LEGAL_FORM,WEAK_LOGIT_BACKCAST,0.6563297641563476,0.081997787498427,0.012714058275062652,0.11334469009013408,0.02439824527464381,0.1112154547053848,0.5598771188079144,0.6290626966669843,0.6942101267400665,0.6742785926603848,0.7938431669288489,0.9154658658617688,0.7772286494504222,0.7961991422555891,0.8150674111471111,0.18087303181378075,0.02292782593063018
1977,STRONG_LEGAL_FORM,WEAK_LOGIT_BACKCAST,0.6596868563409611,0.0817613906430366,0.008978407007537178,0.11704748647608702,0.025306692922296918,0.10721916661008127,0.5550528390307676,0.6238547080607125,0.6888373702854547,0.6782101805173688,0.7963147258372528,0.9164498227048101,0.7777858786820273,0.796074286094816,0.8142681438927587,0.18208674855870824,0.021838965346475666
1978,STRONG_LEGAL_FORM,WEAK_LOGIT_BACKCAST,0.6621840989118529,0.08346617933556548,0.008320266650842489,0.11821819063242074,0.025510455525170003,0.10230080894414836,0.5502181608420023,0.6186179297208919,0.6834132639839413,0.6734967547064047,0.7933255479109546,0.9152142174671314,0.7770079694261004,0.7949756192814835,0.812853147767914,0.1838814170817185,0.021142963636797983
1979,STRONG_LEGAL_FORM,WEAK_LOGIT_BACKCAST,0.6632581039980532,0.0805654008514597,0.0072255542075956095,0.12099357319437473,0.02588726644797987,0.1020701013005369,0.5453739778731714,0.6133534297435705,0.6779388130263796,0.6762815720614224,0.7950835900389026,0.9159277616228854,0.7762245057073561,0.7938274315066269,0.8113653556351081,0.18525672977050153,0.02091583872287156
1980,STRONG_LEGAL_FORM,WEAK_LOGIT_BACKCAST,0.6536009437489525,0.06912485656820906,0.007646203731160477,0.1343774576795637,0.02586445856916313,0.10938607970295114,0.5405211909140348,0.6080623013628331,0.672415073574455,0.679741708605371,0.7972773730713212,0.9168348314124721,0.76531867425789,0.7828442093913325,0.8003705072074149,0.19498075718185542,0.02217503342681209
1981,STRONG_LEGAL_FORM,WEAK_LOGIT_BACKCAST,0.643006394102718,0.0644539902608758,0.008530253163421786,0.14857921782098304,0.02501430377817037,0.1104158408738308,0.5356607072524328,0.6027456621526119,0.666843152433122,0.6879340137261404,0.8024187203686094,0.9188660686028939,0.7534906767023816,0.770455494883291,0.787444465770394,0.20772840198528147,0.021816103131427497
1982,STRONG_LEGAL_FORM,WEAK_LOGIT_BACKCAST,0.6339592386790481,0.05733182673089598,0.00798166624692562,0.16134097887184326,0.024489210868971135,0.1148970786023159,0.5307934400037799,0.5974046531827112,0.6612242066227325,0.7061926376424222,0.8139253885002076,0.9234969255093481,0.7455300672068192,0.7617271880824792,0.7779755291626614,0.2168933826541338,0.021379429263387047
1983,STRONG_LEGAL_FORM,WEAK_LOGIT_BACKCAST,0.6301094721391466,0.05831479783785951,0.007650588376741461,0.16225227560778893,0.025669782633743626,0.11600308340472007,0.5259203074312255,0.5920404381300975,0.6555594428493927,0.704477515416125,0.8128021200769392,0.9229703577824503,0.7424999725233901,0.7589217427273592,0.7754056959135305,0.21936272599473905,0.02171553127790159
1984,STRONG_LEGAL_FORM,WEAK_LOGIT_BACKCAST,0.6283635769677834,0.06472490349269529,0.006990665029121627,0.16757150388056774,0.024333480697262974,0.10801586993256895,0.5210422322575202,0.586654202346763,0.6498501168724925,0.6964032865344628,0.8076426060624541,0.9207687529817692,0.73731059198519,0.7535729322867049,0.7698827009271247,0.22564941646916925,0.020777651244125887
1985,STRONG_LEGAL_FORM,WEAK_LOGIT_BACKCAST,0.6312328761327994,0.06373634916110567,0.006928605537490461,0.16671514187459446,0.024800092649342857,0.10658693464466702,0.5161601409697111,0.5812471518854938,0.6440975327685841,0.6954074020438411,0.8069806602080001,0.9204422717311396,0.7382523824137551,0.7542930424433719,0.7703924216363405,0.22513361780106142,0.020573339755566675
1986,STRONG_LEGAL_FORM,WEAK_LOGIT_BACKCAST,0.6336650643470423,0.06393300170202837,0.0045536986462542915,0.16530339877218644,0.025705165212414536,0.10683967132007408,0.5112749631177449,0.5758205124851273,0.6383030420912226,0.6930207230327227,0.8054403264548955,0.9197589861991766,0.7403945137010697,0.756531977898191,0.772740441602675,0.22268133052810918,0.02078669157369988
1987,STRONG_LEGAL_FORM,WEAK_LOGIT_BACKCAST,0.6406126939582195,0.06740913633485351,0.003904754486855632,0.15868047818064887,0.023993979797589986,0.10539895724183239,0.5063876306081161,0.5703755285169008,0.6324680429266368,0.6887274386013363,0.8026858871127178,0.9185649784652423,0.7473390006405846,0.7636634712164951,0.7800626093804021,0.21553982703608812,0.020796701747416744
1988,STRONG_LEGAL_FORM,WEAK_LOGIT_BACKCAST,0.6379671783050384,0.07044591029423446,0.004867442690363603,0.15582849860427836,0.027693913770608244,0.103197056335477,0.5014990769936924,0.5649134618937354,0.626593978845561,0.6835017821153838,0.799358081380241,0.9171653456876172,0.7438311092099376,0.7602544223220253,0.7767569253775725,0.21903992229891317,0.020705655379061463
1989,STRONG_LEGAL_FORM,WEAK_LOGIT_BACKCAST,0.6300534349199521,0.06845778436630745,0.0043194247081769456,0.16099710399470527,0.031604205519046386,0.10456804649181199,0.49661023676087723,0.5594355909443165,0.620682337751826,0.6767766535562627,0.7950659455562922,0.9153436187378226,0.7348194839958733,0.7514896487306426,0.7682596666379022,0.22708079753653218,0.021429553732825166
1990,STRONG_LEGAL_FORM,WEAK_LOGIT_BACKCAST,0.6301143189896512,0.06661750816180204,0.005313494877310294,0.15753565359212662,0.032014900723776926,0.10840412365533285,0.4917220446152377,0.5539432092540548,0.6147346506287942,0.6695208220588531,0.7904584417984024,0.9134286230374346,0.7354504342944329,0.7527055899224239,0.770085838997328,0.2245792410913591,0.022715168986217112
1991,STRONG_LEGAL_FORM,WEAK_LOGIT_BACKCAST,0.6270860669591419,0.06436430251196737,0.007010864231634577,0.1504216295983978,0.03289601378292618,0.11822112291593213,0.48683543476679536,0.5484376244750218,0.6087524901849971,0.6587177776576973,0.7836463446424775,0.9106779094583239,0.7362952455153974,0.7550294229623963,0.7739293614632192,0.21939300495427086,0.025577572083332886
1992,STRONG_LEGAL_FORM,WEAK_LOGIT_BACKCAST,0.6263912278323092,0.06833063588789783,0.010343470924110995,0.13766124479564928,0.03231948318334307,0.12495393737668962,0.4819513402161126,0.5429201571071679,0.6027374694008174,0.652355622133437,0.7796261378527882,0.9090388968014728,0.7408376729316937,0.7609066630102871,0.7811646517738356,0.21155675521951103,0.027536581770201934
1993,STRONG_LEGAL_FORM,WEAK_LOGIT_BACKCAST,0.6241239913116484,0.06997507453523286,0.014727851366077332,0.13028080183315388,0.03353697168274273,0.12735530927114472,0.4770706920423444,0.5373921392531198,0.5966912399783825,0.6461594373965007,0.7756887130792557,0.9073944038696806,0.7397988835339869,0.7605161222628787,0.7814390002393855,0.21091664441832153,0.028567233318799873
1994,STRONG_LEGAL_FORM,WEAK_LOGIT_BACKCAST,0.6224810226969383,0.07095322044685345,0.01766154752615274,0.12528329608881256,0.036876426191677046,0.1267444870495658,0.47219441869440576,0.5318549133490613,0.5906154906972217,0.6403449000959426,0.771977979246949,0.9058163366310802,0.7371449232778021,0.7580617946027515,0.779194320755128,0.21303767134089777,0.028900534056350905
1995,STRONG_LEGAL_FORM,WEAK_LOGIT_BACKCAST,0.617599116842949,0.07078938046015025,0.018371938108391526,0.12789462255745995,0.03813116482812922,0.12721377720292018,0.4673234452864092,0.5263098308741683,0.5845119456786807,0.6376043325451282,0.7702247315835526,0.9050617262257513,0.7317927095132892,0.7528394611004666,0.7741126761440726,0.21792995909646207,0.02923057980307111
1996,STRONG_LEGAL_FORM,WEAK_LOGIT_BACKCAST,0.6136006928208193,0.0755423637314858,0.019799961046888487,0.1231389261888548,0.04201156979650194,0.12590648641544966,0.4624586928984802,0.520758251041263,0.5783823625623654,0.6380878468340562,0.7705152262315798,0.9051505420812087,0.7288753144298195,0.7499528669015744,0.7712573880598661,0.22115351154739957,0.028893621551026146
1997,STRONG_LEGAL_FORM,WEAK_LOGIT_BACKCAST,0.6161947580462064,0.07641659935022899,0.019244104342855693,0.12153769631089348,0.04419827398603648,0.12240856796377908,0.45760107788410165,0.5152015394713023,0.5722285305983601,0.6411232965715548,0.7724151847199536,0.9058889778640586,0.7296420608986499,0.7501149443076534,0.7708110889202223,0.2220267243636149,0.027858331328731657
1998,STRONG_LEGAL_FORM,WEAK_LOGIT_BACKCAST,0.6194124768093077,0.0782063006373631,0.020179032328396206,0.12141644333531657,0.043781535463544526,0.11700421142607201,0.4527515111850628,0.5096410668544872,0.5660522686592165,0.6398021604858617,0.7715897629240445,0.905567128763112,0.7296800448634126,0.7495488710562338,0.7696364985028319,0.2237261692730519,0.026724959670714334
1999,STRONG_LEGAL_FORM,WEAK_LOGIT_BACKCAST,0.627787386159654,0.08091553806267135,0.0207412067425277,0.1147719149347565,0.04049088580036608,0.11529306830002446,0.4479108976550999,0.5040782076007168,0.5598554231761542,0.6353326527305674,0.7687712996048364,0.9044274647378874,0.7372797883720515,0.757209147505772,0.7773626064277003,0.2161317861466427,0.026659066347585494
2000,STRONG_LEGAL_FORM,WEAK_LOGIT_BACKCAST,0.6297610963407022,0.08116132930448516,0.019761101725902976,0.11516553299216292,0.041613600001292446,0.11253733963545422,0.44308013539328456,0.49851433848225635,0.5536398660041397,0.6348133689591794,0.7684404268384213,0.9042852869909994,0.7371622768253187,0.756699424033997,0.7764611042910056,0.2172414776352775,0.026059098330725394
2001,STRONG_LEGAL_FORM,WEAK_LOGIT_BACKCAST,0.6238238377019485,0.08585677427539683,0.020910321053385198,0.11235256840848575,0.03868042126647309,0.11837607729431067,0.43826011508818363,0.4929508372714219,0.5474074922209288,0.6282317063810834,0.7642495350459472,0.9025232797269215,0.735819042510288,0.7566158684991687,0.7776596447190907,0.21547691623926046,0.02790721526157063
2002,STRONG_LEGAL_FORM,WEAK_LOGIT_BACKCAST,0.6217591349247772,0.08818304813349077,0.02112502343587691,0.1014614866200145,0.04068731726350034,0.12678398962234036,0.43345171937380184,0.48738908137616005,0.5411602178653349,0.6237732652005799,0.7614166178442913,0.9013435472312034,0.7390666919397452,0.7612740263225569,0.7837562234030507,0.20847742063015068,0.030248553047292234
2003,STRONG_LEGAL_FORM,WEAK_LOGIT_BACKCAST,0.6207860338125621,0.08769209995411723,0.022188858847521434,0.09813316871810385,0.04213067291360358,0.12906916575409172,0.4286558221982477,0.48183044647641343,0.5348999776203728,0.6142084952576052,0.7553371149874304,0.8988062175780047,0.7376511411006603,0.7605294887804388,0.7837007047928867,0.20789207675999952,0.03157843445956163
2004,STRONG_LEGAL_FORM,WEAK_LOGIT_BACKCAST,0.6205463403353904,0.0889235859007778,0.022420884009758838,0.08674846065999764,0.05165749290149869,0.12970323619257687,0.4238732882060895,0.47627630516409264,0.52862872244706,0.5985768138208578,0.7454064770130227,0.8946696263969317,0.7358760229526364,0.7595801696176511,0.7835954478124154,0.20739822653726864,0.03302160384508016
2005,STRONG_LEGAL_FORM,PROXY_ANCHOR_INTERPOLATION,0.6201808678415988,0.08593754594126908,0.01940603089991656,0.09490624711735679,0.04871391654787946,0.13085539165197935,0.4392774882351402,0.4923302776247167,0.5453830670142933,0.5923472085162321,0.7414202099484832,0.8929591382150454,0.7354431231321197,0.7595093556447522,0.7838982679790736,0.20665408465477006,0.033836559700477824
2006,STRONG_LEGAL_FORM,PROXY_ANCHOR_INTERPOLATION,0.6129013120589458,0.08611054662021086,0.0148413762360985,0.09959635258757164,0.05601406784160895,0.13053634465556402,0.4281231540968016,0.47991069005403764,0.5316982260112737,0.5958597626491091,0.7435294969119273,0.8936222781791487,0.7275485862225369,0.7512843065788551,0.7753363226340568,0.21523697143605422,0.03347872198509057
2007,STRONG_LEGAL_FORM,PROXY_ANCHOR_INTERPOLATION,0.6125021758534263,0.07738598119891603,0.014480474616313174,0.1030297597663458,0.06064440712571297,0.13195720143928574,0.416968819958463,0.46749110248335857,0.5180133850082542,0.5905970671918804,0.7401631637725021,0.8921804899410198,0.7227032532801564,0.7463492932207312,0.7703187905578097,0.2193633650398503,0.03428734173941864
2008,STRONG_LEGAL_FORM,PROXY_ANCHOR_INTERPOLATION,0.6022321118900856,0.07178086975657245,0.02169749576028952,0.10059961406076959,0.06022227683814472,0.1434676316941381,0.4058144858201244,0.4550715149126795,0.5043285440052346,0.5699308872430173,0.7271145950365259,0.8868879221817098,0.7131284632641649,0.7392149499520915,0.7656729631953921,0.2216348272739031,0.03915022277400543
2009,STRONG_LEGAL_FORM,PROXY_ANCHOR_INTERPOLATION,0.5972640772563211,0.07221388264757193,0.026756499550417343,0.09797822897609311,0.043541278046379576,0.162246033523217,0.39466015168178586,0.4426519273420005,0.4906437030022151,0.5909507983421128,0.7403926260377811,0.8922877595858887,0.7216434421739288,0.7493554584155863,0.7774655138008213,0.20852427488566516,0.04212026669874849
2010,STRONG_LEGAL_FORM,PROXY_ANCHOR_INTERPOLATION,0.5872108250998601,0.08213181761703084,0.032131791684637194,0.08973008305108392,0.039759916417672465,0.16903556612971546,0.38350581754344726,0.4302323397713214,0.47695886199919557,0.5734021517697231,0.7293035023090425,0.8877739905600919,0.715634212305801,0.7458248195561,0.7764497024539665,0.20841784470737781,0.04575733573652222
2011,STRONG_LEGAL_FORM,PROXY_ANCHOR_INTERPOLATION,0.5802202293083698,0.08663880549683844,0.0357280674401032,0.08577328994023492,0.04869761104022895,0.16294199677422475,0.37821700326802504,0.4239571820412197,0.4696973608144143,0.5688843777562888,0.7263256993627837,0.8863570330938102,0.7056836551353773,0.735300332904834,0.765339032421531,0.22010663008354853,0.044593037011617515
2012,STRONG_LEGAL_FORM,PROXY_ANCHOR_INTERPOLATION,0.5777870336094368,0.08766736789033153,0.03604478021112783,0.08577141358422632,0.05609308243405383,0.15663632227082358,0.37292818899260277,0.41768202431111795,0.4624358596296331,0.5774589438362644,0.7316094333904591,0.8882841797785243,0.700931711575433,0.7290007282808206,0.7574651352931328,0.22895956043327834,0.042039711285900984
2013,STRONG_LEGAL_FORM,PROXY_ANCHOR_INTERPOLATION,0.583763566663101,0.08931438436796915,0.03823598575371944,0.07939381617651772,0.051646368058075084,0.15764587898061774,0.36763937471718056,0.41140686658101616,0.4551743584448518,0.575113053638019,0.7300184776480958,0.8874582521629356,0.7072632539393837,0.7355925222574662,0.7643213204885169,0.2218460033428427,0.04256147439969123
2014,STRONG_LEGAL_FORM,PROXY_ANCHOR_INTERPOLATION,0.5819680407954827,0.08619004534907578,0.03765418424668699,0.07929523178825447,0.057693881753422105,0.15719861606707797,0.3623505604417583,0.40513170885091443,0.4479128572600706,0.5649487403165195,0.7234950093492061,0.88463803381385,0.7020082121588168,0.7306187753548243,0.7596375449110004,0.22591502277923048,0.04346620186594514
2015,STRONG_LEGAL_FORM,PROXY_ANCHOR_INTERPOLATION,0.5833104655943817,0.08105024293326728,0.036164464658262764,0.08105024293326728,0.05995034107360442,0.1584742428072166,0.35706174616633607,0.3988565511208127,0.4406513560752893,0.5611455799052607,0.720991154289883,0.8834546695584524,0.7011775277434426,0.729896413205039,0.759030174865933,0.2258878712345347,0.0442157155604263
2016,STRONG_LEGAL_FORM,PROXY_ANCHOR_INTERPOLATION,0.5839489505527914,0.0790551356975058,0.03625313013663353,0.08132616016397266,0.06020163069154303,0.15921499275755363,0.3535493513050657,0.3946350369640181,0.43572072262297046,0.5572003592451791,0.7185168293624853,0.8824813055624846,0.700613493657706,0.7295455287341005,0.758899166079773,0.22563813029147436,0.04481634097442514
2017,STRONG_LEGAL_FORM,PROXY_ANCHOR_INTERPOLATION,0.5819304754108536,0.079752110036759,0.035840591573965276,0.0818755445634315,0.06387910479689207,0.1567221736180984,0.35003695644379534,0.39041352280722347,0.43079008917065165,0.5606878886585439,0.7205138016144457,0.8829424766768131,0.6977188859100009,0.7259872667524694,0.7546635581296741,0.23021104874028753,0.043801684507243144
2018,STRONG_LEGAL_FORM,PROXY_ANCHOR_INTERPOLATION,0.5816163976548937,0.07937181375457998,0.03564242329921296,0.08251105704524497,0.06554835746799344,0.155309950778075,0.34652456158252504,0.3861920086504289,0.4258594557183328,0.559735857540647,0.7198674601631121,0.8826012454068778,0.6960532291015709,0.7240717376436735,0.7524943910406059,0.23242089138292238,0.043507370973404194
2019,STRONG_LEGAL_FORM,PROXY_ANCHOR_INTERPOLATION,0.5801157534107727,0.07884687506335017,0.034889821403231366,0.08126649638143892,0.06824094346124998,0.15664011027995706,0.3430121667212547,0.3819704944936343,0.42092882226601397,0.5626613530857556,0.7219718352430275,0.8838673227501282,0.6952965272630751,0.7233226811594891,0.7517537505789745,0.23312695645204473,0.04355036238846623
2020,STRONG_LEGAL_FORM,PROXY_ANCHOR_INTERPOLATION,0.551295721928972,0.0760295566638272,0.035337451634457194,0.07158045672007314,0.06671130660321059,0.19904550644945995,0.3394997718599843,0.3777489803368397,0.4159981888136951,0.5742354744741297,0.729654224466479,0.8876407547577267,0.6914067299089062,0.725250204076113,0.7596047833733649,0.2209386841163454,0.05381111180754171
2021,STRONG_LEGAL_FORM,PROXY_ANCHOR_INTERPOLATION,0.5485508280455316,0.07943930846739734,0.03392715096784801,0.06433233310309562,0.07427606048800525,0.1994743189281222,0.3407590518852355,0.3787453856198173,0.41673171935439923,0.5194983203337482,0.6951383455838935,0.8737037795691218,0.6792470651141785,0.7173003476105564,0.7559371740219514,0.2218875815074902,0.060812070881953395
2022,STRONG_LEGAL_FORM,PROXY_ANCHOR_INTERPOLATION,0.5694316259208105,0.07916326268944889,0.036898117632896375,0.06662247902898005,0.07790282218461698,0.1699816925432472,0.3420183319104866,0.379741790902795,0.41746524989510336,0.5296020404415379,0.701155089085983,0.875518495198836,0.6865295641830573,0.7186767538463569,0.751301652828788,0.23052508238854258,0.05079816376510053
2023,STRONG_LEGAL_FORM,PROXY_ANCHOR_INTERPOLATION,0.5668656087675769,0.07748284318390194,0.03999845030962088,0.07300577810277122,0.07704267366118063,0.16560464597494856,0.34327761193573775,0.3807381961857726,0.41819878043580755,0.5539943104175743,0.7165980385528732,0.8818454744664698,0.6852077657905761,0.7150382511976519,0.7453065468954138,0.23802906730829076,0.04693268149405746
2024,STRONG_LEGAL_FORM,PROXY_ANCHOR_INTERPOLATION,0.567218486139174,0.07636413585242728,0.04069632278761028,0.07272401692234806,0.07481026451936036,0.1681867737790799,0.34453689196098886,0.38173460146875027,0.4189323109765117,0.5506876058494599,0.71443753315931,0.8808549355072861,0.6861471199510023,0.7165282628740547,0.7473580398179057,0.23544390711561414,0.04802783001033113
2025,STRONG_LEGAL_FORM,PROXY_ANCHOR_INTERPOLATION,0.5614315154050414,0.07530143782909145,0.0397866483774672,0.07026623186979399,0.08024893188354872,0.17296523463505725,0.34579617198624,0.3827310067517279,0.4196658415172158,0.5471543277507549,0.7123013874433387,0.8801421741102244,0.6821091410323975,0.7134550871252362,0.7452669543362278,0.2367830548497205,0.04976185802504335
