year,labor_origin_financing_central,lower,upper,tier,note
1950,0.7222281718974178,0.6281532402397156,0.9217586060956198,WEAK_LONGRUN_EXTENSION,2004–2023 uses actual annual BEA DPI-ranked source profiles. Outer years use the earlier aggregate strong/weak extension.
1951,0.7251928704668383,0.6321124589052102,0.9255996234190212,WEAK_LONGRUN_EXTENSION,2004–2023 uses actual annual BEA DPI-ranked source profiles. Outer years use the earlier aggregate strong/weak extension.
1952,0.7279237782820627,0.6357716675813144,0.9291555864435076,WEAK_LONGRUN_EXTENSION,2004–2023 uses actual annual BEA DPI-ranked source profiles. Outer years use the earlier aggregate strong/weak extension.
1953,0.7304275540586066,0.6391387019794668,0.9324353480452333,WEAK_LONGRUN_EXTENSION,2004–2023 uses actual annual BEA DPI-ranked source profiles. Outer years use the earlier aggregate strong/weak extension.
1954,0.7327109134223988,0.6422214598967032,0.9354478251113059,WEAK_LONGRUN_EXTENSION,2004–2023 uses actual annual BEA DPI-ranked source profiles. Outer years use the earlier aggregate strong/weak extension.
1955,0.7347805784530186,0.6450278401427206,0.9382019345311118,WEAK_LONGRUN_EXTENSION,2004–2023 uses actual annual BEA DPI-ranked source profiles. Outer years use the earlier aggregate strong/weak extension.
1956,0.7366432340114865,0.6475656897967731,0.9407065377885108,WEAK_LONGRUN_EXTENSION,2004–2023 uses actual annual BEA DPI-ranked source profiles. Outer years use the earlier aggregate strong/weak extension.
1957,0.7383054905206781,0.6498427593865685,0.9429703937245522,WEAK_LONGRUN_EXTENSION,2004–2023 uses actual annual BEA DPI-ranked source profiles. Outer years use the earlier aggregate strong/weak extension.
1958,0.7397738528010823,0.6518666655017424,0.9438691307758392,WEAK_LONGRUN_EXTENSION,2004–2023 uses actual annual BEA DPI-ranked source profiles. Outer years use the earlier aggregate strong/weak extension.
1959,0.741054694521052,0.6536448603015376,0.9439164501121377,WEAK_LONGRUN_EXTENSION,2004–2023 uses actual annual BEA DPI-ranked source profiles. Outer years use the earlier aggregate strong/weak extension.
1960,0.7461767238990433,0.6752613953236739,0.928239299268862,WEAK_LONGRUN_EXTENSION,2004–2023 uses actual annual BEA DPI-ranked source profiles. Outer years use the earlier aggregate strong/weak extension.
1961,0.7469527712551869,0.6720155882168384,0.9330283315973756,WEAK_LONGRUN_EXTENSION,2004–2023 uses actual annual BEA DPI-ranked source profiles. Outer years use the earlier aggregate strong/weak extension.
1962,0.7443637793166836,0.6699658508622947,0.9318858704703483,WEAK_LONGRUN_EXTENSION,2004–2023 uses actual annual BEA DPI-ranked source profiles. Outer years use the earlier aggregate strong/weak extension.
1963,0.7400085879684308,0.6666173965489643,0.9284684351984013,WEAK_LONGRUN_EXTENSION,2004–2023 uses actual annual BEA DPI-ranked source profiles. Outer years use the earlier aggregate strong/weak extension.
1964,0.741603996145457,0.6664712505097394,0.9319173653732005,WEAK_LONGRUN_EXTENSION,2004–2023 uses actual annual BEA DPI-ranked source profiles. Outer years use the earlier aggregate strong/weak extension.
1965,0.7406683441308507,0.6658461628394865,0.9319423484646651,WEAK_LONGRUN_EXTENSION,2004–2023 uses actual annual BEA DPI-ranked source profiles. Outer years use the earlier aggregate strong/weak extension.
1966,0.7450923000672034,0.6725485446394177,0.9327538545017264,WEAK_LONGRUN_EXTENSION,2004–2023 uses actual annual BEA DPI-ranked source profiles. Outer years use the earlier aggregate strong/weak extension.
1967,0.7470160281288138,0.6703840441615554,0.9347997106403811,WEAK_LONGRUN_EXTENSION,2004–2023 uses actual annual BEA DPI-ranked source profiles. Outer years use the earlier aggregate strong/weak extension.
1968,0.7481780763675464,0.6746465484222167,0.9336840448027126,WEAK_LONGRUN_EXTENSION,2004–2023 uses actual annual BEA DPI-ranked source profiles. Outer years use the earlier aggregate strong/weak extension.
1969,0.7459558814826316,0.6721345927869092,0.9321978880127888,WEAK_LONGRUN_EXTENSION,2004–2023 uses actual annual BEA DPI-ranked source profiles. Outer years use the earlier aggregate strong/weak extension.
1970,0.74745886599208,0.6686700215994569,0.9402536890943866,WEAK_LONGRUN_EXTENSION,2004–2023 uses actual annual BEA DPI-ranked source profiles. Outer years use the earlier aggregate strong/weak extension.
1971,0.7445309762204673,0.6612236556975833,0.9391584204453933,WEAK_LONGRUN_EXTENSION,2004–2023 uses actual annual BEA DPI-ranked source profiles. Outer years use the earlier aggregate strong/weak extension.
1972,0.7411333291614561,0.6593209794100356,0.9357393890595582,WEAK_LONGRUN_EXTENSION,2004–2023 uses actual annual BEA DPI-ranked source profiles. Outer years use the earlier aggregate strong/weak extension.
1973,0.7426916986441785,0.6580003216908353,0.9388362283811627,WEAK_LONGRUN_EXTENSION,2004–2023 uses actual annual BEA DPI-ranked source profiles. Outer years use the earlier aggregate strong/weak extension.
1974,0.7383872244483053,0.6527279573840801,0.9397896339293331,WEAK_LONGRUN_EXTENSION,2004–2023 uses actual annual BEA DPI-ranked source profiles. Outer years use the earlier aggregate strong/weak extension.
1975,0.7369883274974625,0.6489564516884568,0.941187805303171,WEAK_LONGRUN_EXTENSION,2004–2023 uses actual annual BEA DPI-ranked source profiles. Outer years use the earlier aggregate strong/weak extension.
1976,0.7329447463661849,0.6497420419522696,0.9323906391163471,WEAK_LONGRUN_EXTENSION,2004–2023 uses actual annual BEA DPI-ranked source profiles. Outer years use the earlier aggregate strong/weak extension.
1977,0.7277274508903315,0.6465530680391186,0.9251582044576552,WEAK_LONGRUN_EXTENSION,2004–2023 uses actual annual BEA DPI-ranked source profiles. Outer years use the earlier aggregate strong/weak extension.
1978,0.7259842943079035,0.6442025407656868,0.9251930229931815,WEAK_LONGRUN_EXTENSION,2004–2023 uses actual annual BEA DPI-ranked source profiles. Outer years use the earlier aggregate strong/weak extension.
1979,0.7244153386870235,0.6439893846743139,0.9240439609875089,WEAK_LONGRUN_EXTENSION,2004–2023 uses actual annual BEA DPI-ranked source profiles. Outer years use the earlier aggregate strong/weak extension.
1980,0.7205572798705123,0.6371421572554299,0.9257654694397197,WEAK_LONGRUN_EXTENSION,2004–2023 uses actual annual BEA DPI-ranked source profiles. Outer years use the earlier aggregate strong/weak extension.
1981,0.7122926034016857,0.6251992670386312,0.9191509432862585,WEAK_LONGRUN_EXTENSION,2004–2023 uses actual annual BEA DPI-ranked source profiles. Outer years use the earlier aggregate strong/weak extension.
1982,0.7062428953627645,0.616818250334429,0.9144939227270105,WEAK_LONGRUN_EXTENSION,2004–2023 uses actual annual BEA DPI-ranked source profiles. Outer years use the earlier aggregate strong/weak extension.
1983,0.6959255287511384,0.6082062383767046,0.8934128315059958,WEAK_LONGRUN_EXTENSION,2004–2023 uses actual annual BEA DPI-ranked source profiles. Outer years use the earlier aggregate strong/weak extension.
1984,0.6935168299959348,0.6016936117187811,0.8991318322481023,WEAK_LONGRUN_EXTENSION,2004–2023 uses actual annual BEA DPI-ranked source profiles. Outer years use the earlier aggregate strong/weak extension.
1985,0.686303048908733,0.5978359687773979,0.8817840043698161,WEAK_LONGRUN_EXTENSION,2004–2023 uses actual annual BEA DPI-ranked source profiles. Outer years use the earlier aggregate strong/weak extension.
1986,0.6891993435849018,0.6012411089894438,0.8817353438402362,WEAK_LONGRUN_EXTENSION,2004–2023 uses actual annual BEA DPI-ranked source profiles. Outer years use the earlier aggregate strong/weak extension.
1987,0.6920637924501826,0.6105003964890732,0.8766588707784645,WEAK_LONGRUN_EXTENSION,2004–2023 uses actual annual BEA DPI-ranked source profiles. Outer years use the earlier aggregate strong/weak extension.
1988,0.691631100021705,0.6074352711443305,0.8803404703775359,WEAK_LONGRUN_EXTENSION,2004–2023 uses actual annual BEA DPI-ranked source profiles. Outer years use the earlier aggregate strong/weak extension.
1989,0.6830134384825955,0.597679147680213,0.8706122239220759,WEAK_LONGRUN_EXTENSION,2004–2023 uses actual annual BEA DPI-ranked source profiles. Outer years use the earlier aggregate strong/weak extension.
1990,0.6865081520522206,0.6002679332331904,0.8731228395997015,WEAK_LONGRUN_EXTENSION,2004–2023 uses actual annual BEA DPI-ranked source profiles. Outer years use the earlier aggregate strong/weak extension.
1991,0.6906727304847922,0.6031309099824301,0.8833549877526721,WEAK_LONGRUN_EXTENSION,2004–2023 uses actual annual BEA DPI-ranked source profiles. Outer years use the earlier aggregate strong/weak extension.
1992,0.6973740100387984,0.6096172674510778,0.8941519471341639,WEAK_LONGRUN_EXTENSION,2004–2023 uses actual annual BEA DPI-ranked source profiles. Outer years use the earlier aggregate strong/weak extension.
1993,0.691345522669806,0.6052938819922749,0.8783516510676838,WEAK_LONGRUN_EXTENSION,2004–2023 uses actual annual BEA DPI-ranked source profiles. Outer years use the earlier aggregate strong/weak extension.
1994,0.6851011305742797,0.6012146234530206,0.8661564186517963,WEAK_LONGRUN_EXTENSION,2004–2023 uses actual annual BEA DPI-ranked source profiles. Outer years use the earlier aggregate strong/weak extension.
1995,0.6811326671817933,0.59515475657072,0.8633953800659865,WEAK_LONGRUN_EXTENSION,2004–2023 uses actual annual BEA DPI-ranked source profiles. Outer years use the earlier aggregate strong/weak extension.
1996,0.677105752630163,0.5909115483451894,0.8572151674491606,WEAK_LONGRUN_EXTENSION,2004–2023 uses actual annual BEA DPI-ranked source profiles. Outer years use the earlier aggregate strong/weak extension.
1997,0.6764370577697629,0.5898716628399208,0.855087449992615,WEAK_LONGRUN_EXTENSION,2004–2023 uses actual annual BEA DPI-ranked source profiles. Outer years use the earlier aggregate strong/weak extension.
1998,0.6765496872921576,0.5900495585889628,0.8585120786267928,WEAK_LONGRUN_EXTENSION,2004–2023 uses actual annual BEA DPI-ranked source profiles. Outer years use the earlier aggregate strong/weak extension.
1999,0.674379647214602,0.585750889974857,0.8494764039477639,WEAK_LONGRUN_EXTENSION,2004–2023 uses actual annual BEA DPI-ranked source profiles. Outer years use the earlier aggregate strong/weak extension.
2000,0.6700036865009494,0.5985963249629758,0.847345985876234,WEAK_LONGRUN_EXTENSION,2004–2023 uses actual annual BEA DPI-ranked source profiles. Outer years use the earlier aggregate strong/weak extension.
2001,0.6572865419257037,0.5791314263677763,0.8524480036231895,WEAK_LONGRUN_EXTENSION,2004–2023 uses actual annual BEA DPI-ranked source profiles. Outer years use the earlier aggregate strong/weak extension.
2002,0.6770823585679877,0.6018818816293194,0.8636287585605988,WEAK_LONGRUN_EXTENSION,2004–2023 uses actual annual BEA DPI-ranked source profiles. Outer years use the earlier aggregate strong/weak extension.
2003,0.6582303147723356,0.5781464699423119,0.8583645637246516,WEAK_LONGRUN_EXTENSION,2004–2023 uses actual annual BEA DPI-ranked source profiles. Outer years use the earlier aggregate strong/weak extension.
2004,0.6963829104648008,0.5981587436548602,0.8310330596834193,STRONG_ANNUAL_SOURCE_PROFILES__PARTIAL_ID,2004–2023 uses actual annual BEA DPI-ranked source profiles. Outer years use the earlier aggregate strong/weak extension.
2005,0.6875407166860984,0.5886784442841294,0.8214257193904445,STRONG_ANNUAL_SOURCE_PROFILES__PARTIAL_ID,2004–2023 uses actual annual BEA DPI-ranked source profiles. Outer years use the earlier aggregate strong/weak extension.
2006,0.6803642732024275,0.5691694733652652,0.8156560662596587,STRONG_ANNUAL_SOURCE_PROFILES__PARTIAL_ID,2004–2023 uses actual annual BEA DPI-ranked source profiles. Outer years use the earlier aggregate strong/weak extension.
2007,0.6832090117605464,0.5700806125150425,0.8241777759138241,STRONG_ANNUAL_SOURCE_PROFILES__PARTIAL_ID,2004–2023 uses actual annual BEA DPI-ranked source profiles. Outer years use the earlier aggregate strong/weak extension.
2008,0.6775020567609249,0.5605014123317376,0.8254541697219238,STRONG_ANNUAL_SOURCE_PROFILES__PARTIAL_ID,2004–2023 uses actual annual BEA DPI-ranked source profiles. Outer years use the earlier aggregate strong/weak extension.
2009,0.6990017811020521,0.6007380370922578,0.8317752733386429,STRONG_ANNUAL_SOURCE_PROFILES__PARTIAL_ID,2004–2023 uses actual annual BEA DPI-ranked source profiles. Outer years use the earlier aggregate strong/weak extension.
2010,0.6961591206333546,0.5958646005966682,0.8275010154084899,STRONG_ANNUAL_SOURCE_PROFILES__PARTIAL_ID,2004–2023 uses actual annual BEA DPI-ranked source profiles. Outer years use the earlier aggregate strong/weak extension.
2011,0.6823127663736147,0.5677311049544909,0.8206199771868254,STRONG_ANNUAL_SOURCE_PROFILES__PARTIAL_ID,2004–2023 uses actual annual BEA DPI-ranked source profiles. Outer years use the earlier aggregate strong/weak extension.
2012,0.6821315030896984,0.5586665121037504,0.8220034179031491,STRONG_ANNUAL_SOURCE_PROFILES__PARTIAL_ID,2004–2023 uses actual annual BEA DPI-ranked source profiles. Outer years use the earlier aggregate strong/weak extension.
2013,0.6815804165202269,0.5695768120788081,0.8189351718390084,STRONG_ANNUAL_SOURCE_PROFILES__PARTIAL_ID,2004–2023 uses actual annual BEA DPI-ranked source profiles. Outer years use the earlier aggregate strong/weak extension.
2014,0.674838350836795,0.5553965963585821,0.8099984177625439,STRONG_ANNUAL_SOURCE_PROFILES__PARTIAL_ID,2004–2023 uses actual annual BEA DPI-ranked source profiles. Outer years use the earlier aggregate strong/weak extension.
2015,0.6796571383070997,0.5584146415965522,0.822882620614434,STRONG_ANNUAL_SOURCE_PROFILES__PARTIAL_ID,2004–2023 uses actual annual BEA DPI-ranked source profiles. Outer years use the earlier aggregate strong/weak extension.
2016,0.6769487380708624,0.5596403449368719,0.822632603086013,STRONG_ANNUAL_SOURCE_PROFILES__PARTIAL_ID,2004–2023 uses actual annual BEA DPI-ranked source profiles. Outer years use the earlier aggregate strong/weak extension.
2017,0.671560558822047,0.5482889579379875,0.8163090907891285,STRONG_ANNUAL_SOURCE_PROFILES__PARTIAL_ID,2004–2023 uses actual annual BEA DPI-ranked source profiles. Outer years use the earlier aggregate strong/weak extension.
2018,0.6701094159705279,0.5416521262549846,0.8185769666670094,STRONG_ANNUAL_SOURCE_PROFILES__PARTIAL_ID,2004–2023 uses actual annual BEA DPI-ranked source profiles. Outer years use the earlier aggregate strong/weak extension.
2019,0.6745421391437232,0.5436219918305765,0.8202595216156986,STRONG_ANNUAL_SOURCE_PROFILES__PARTIAL_ID,2004–2023 uses actual annual BEA DPI-ranked source profiles. Outer years use the earlier aggregate strong/weak extension.
2020,0.6994566205489378,0.5562736592507163,0.8638903505852604,STRONG_ANNUAL_SOURCE_PROFILES__PARTIAL_ID,2004–2023 uses actual annual BEA DPI-ranked source profiles. Outer years use the earlier aggregate strong/weak extension.
2021,0.6836636315970832,0.5519790336675777,0.8428372054843016,STRONG_ANNUAL_SOURCE_PROFILES__PARTIAL_ID,2004–2023 uses actual annual BEA DPI-ranked source profiles. Outer years use the earlier aggregate strong/weak extension.
2022,0.6566728707487597,0.5234174307557511,0.8022359178734272,STRONG_ANNUAL_SOURCE_PROFILES__PARTIAL_ID,2004–2023 uses actual annual BEA DPI-ranked source profiles. Outer years use the earlier aggregate strong/weak extension.
2023,0.6581450230175633,0.5266029590438285,0.801122476433634,STRONG_ANNUAL_SOURCE_PROFILES__PARTIAL_ID,2004–2023 uses actual annual BEA DPI-ranked source profiles. Outer years use the earlier aggregate strong/weak extension.
2024,0.6474358264838743,0.5467842922317896,0.8232976358686408,WEAK_LONGRUN_EXTENSION,2004–2023 uses actual annual BEA DPI-ranked source profiles. Outer years use the earlier aggregate strong/weak extension.
2025,0.6415781842786906,0.5411629488681416,0.8132437310406414,WEAK_LONGRUN_EXTENSION,2004–2023 uses actual annual BEA DPI-ranked source profiles. Outer years use the earlier aggregate strong/weak extension.
