observation_date,USPBS
1939-01-01,1943
1939-02-01,1950
1939-03-01,1958
1939-04-01,1957
1939-05-01,1968
1939-06-01,1980
1939-07-01,1985
1939-08-01,1990
1939-09-01,2010
1939-10-01,2021
1939-11-01,2027
1939-12-01,2033
1940-01-01,2039
1940-02-01,2047
1940-03-01,2051
1940-04-01,2055
1940-05-01,2061
1940-06-01,2066
1940-07-01,2070
1940-08-01,2087
1940-09-01,2104
1940-10-01,2123
1940-11-01,2137
1940-12-01,2155
1941-01-01,2171
1941-02-01,2189
1941-03-01,2207
1941-04-01,2232
1941-05-01,2259
1941-06-01,2277
1941-07-01,2301
1941-08-01,2317
1941-09-01,2326
1941-10-01,2336
1941-11-01,2344
1941-12-01,2351
1942-01-01,2362
1942-02-01,2365
1942-03-01,2377
1942-04-01,2394
1942-05-01,2403
1942-06-01,2413
1942-07-01,2429
1942-08-01,2442
1942-09-01,2454
1942-10-01,2463
1942-11-01,2470
1942-12-01,2482
1943-01-01,2498
1943-02-01,2509
1943-03-01,2515
1943-04-01,2519
1943-05-01,2521
1943-06-01,2528
1943-07-01,2531
1943-08-01,2532
1943-09-01,2537
1943-10-01,2546
1943-11-01,2558
1943-12-01,2557
1944-01-01,2552
1944-02-01,2556
1944-03-01,2549
1944-04-01,2540
1944-05-01,2536
1944-06-01,2535
1944-07-01,2529
1944-08-01,2527
1944-09-01,2523
1944-10-01,2519
1944-11-01,2524
1944-12-01,2525
1945-01-01,2527
1945-02-01,2533
1945-03-01,2528
1945-04-01,2519
1945-05-01,2512
1945-06-01,2512
1945-07-01,2512
1945-08-01,2506
1945-09-01,2447
1945-10-01,2466
1945-11-01,2498
1945-12-01,2514
1946-01-01,2560
1946-02-01,2550
1946-03-01,2596
1946-04-01,2635
1946-05-01,2650
1946-06-01,2670
1946-07-01,2691
1946-08-01,2717
1946-09-01,2747
1946-10-01,2756
1946-11-01,2778
1946-12-01,2779
1947-01-01,2805
1947-02-01,2813
1947-03-01,2817
1947-04-01,2814
1947-05-01,2823
1947-06-01,2834
1947-07-01,2839
1947-08-01,2847
1947-09-01,2859
1947-10-01,2870
1947-11-01,2877
1947-12-01,2882
1948-01-01,2885
1948-02-01,2885
1948-03-01,2894
1948-04-01,2891
1948-05-01,2904
1948-06-01,2912
1948-07-01,2920
1948-08-01,2920
1948-09-01,2923
1948-10-01,2917
1948-11-01,2915
1948-12-01,2914
1949-01-01,2892
1949-02-01,2888
1949-03-01,2876
1949-04-01,2882
1949-05-01,2877
1949-06-01,2865
1949-07-01,2860
1949-08-01,2858
1949-09-01,2864
1949-10-01,2832
1949-11-01,2847
1949-12-01,2863
1950-01-01,2861
1950-02-01,2856
1950-03-01,2876
1950-04-01,2904
1950-05-01,2916
1950-06-01,2938
1950-07-01,2954
1950-08-01,2982
1950-09-01,2990
1950-10-01,3000
1950-11-01,3007
1950-12-01,3017
1951-01-01,3037
1951-02-01,3049
1951-03-01,3065
1951-04-01,3070
1951-05-01,3073
1951-06-01,3077
1951-07-01,3082
1951-08-01,3087
1951-09-01,3082
1951-10-01,3085
1951-11-01,3095
1951-12-01,3101
1952-01-01,3113
1952-02-01,3123
1952-03-01,3125
1952-04-01,3129
1952-05-01,3134
1952-06-01,3118
1952-07-01,3112
1952-08-01,3147
1952-09-01,3160
1952-10-01,3172
1952-11-01,3184
1952-12-01,3199
1953-01-01,3199
1953-02-01,3211
1953-03-01,3220
1953-04-01,3228
1953-05-01,3235
1953-06-01,3240
1953-07-01,3245
1953-08-01,3246
1953-09-01,3246
1953-10-01,3240
1953-11-01,3230
1953-12-01,3223
1954-01-01,3212
1954-02-01,3207
1954-03-01,3198
1954-04-01,3202
1954-05-01,3201
1954-06-01,3203
1954-07-01,3208
1954-08-01,3211
1954-09-01,3221
1954-10-01,3219
1954-11-01,3228
1954-12-01,3238
1955-01-01,3250
1955-02-01,3262
1955-03-01,3277
1955-04-01,3293
1955-05-01,3310
1955-06-01,3328
1955-07-01,3347
1955-08-01,3361
1955-09-01,3375
1955-10-01,3393
1955-11-01,3409
1955-12-01,3420
1956-01-01,3432
1956-02-01,3442
1956-03-01,3451
1956-04-01,3455
1956-05-01,3455
1956-06-01,3455
1956-07-01,3423
1956-08-01,3445
1956-09-01,3454
1956-10-01,3469
1956-11-01,3476
1956-12-01,3484
1957-01-01,3496
1957-02-01,3509
1957-03-01,3514
1957-04-01,3520
1957-05-01,3527
1957-06-01,3527
1957-07-01,3530
1957-08-01,3533
1957-09-01,3533
1957-10-01,3526
1957-11-01,3516
1957-12-01,3502
1958-01-01,3484
1958-02-01,3465
1958-03-01,3452
1958-04-01,3441
1958-05-01,3438
1958-06-01,3439
1958-07-01,3445
1958-08-01,3457
1958-09-01,3471
1958-10-01,3479
1958-11-01,3495
1958-12-01,3508
1959-01-01,3540
1959-02-01,3556
1959-03-01,3573
1959-04-01,3594
1959-05-01,3611
1959-06-01,3620
1959-07-01,3623
1959-08-01,3609
1959-09-01,3622
1959-10-01,3626
1959-11-01,3642
1959-12-01,3668
1960-01-01,3685
1960-02-01,3701
1960-03-01,3695
1960-04-01,3712
1960-05-01,3713
1960-06-01,3715
1960-07-01,3718
1960-08-01,3718
1960-09-01,3717
1960-10-01,3720
1960-11-01,3717
1960-12-01,3710
1961-01-01,3714
1961-02-01,3712
1961-03-01,3720
1961-04-01,3723
1961-05-01,3732
1961-06-01,3746
1961-07-01,3760
1961-08-01,3775
1961-09-01,3790
1961-10-01,3799
1961-11-01,3814
1961-12-01,3828
1962-01-01,3838
1962-02-01,3854
1962-03-01,3864
1962-04-01,3880
1962-05-01,3893
1962-06-01,3902
1962-07-01,3908
1962-08-01,3918
1962-09-01,3931
1962-10-01,3939
1962-11-01,3937
1962-12-01,3944
1963-01-01,3943
1963-02-01,3956
1963-03-01,3968
1963-04-01,3980
1963-05-01,3988
1963-06-01,4000
1963-07-01,4009
1963-08-01,4020
1963-09-01,4036
1963-10-01,4058
1963-11-01,4056
1963-12-01,4064
1964-01-01,4084
1964-02-01,4098
1964-03-01,4102
1964-04-01,4118
1964-05-01,4133
1964-06-01,4144
1964-07-01,4162
1964-08-01,4174
1964-09-01,4197
1964-10-01,4197
1964-11-01,4211
1964-12-01,4222
1965-01-01,4233
1965-02-01,4250
1965-03-01,4264
1965-04-01,4284
1965-05-01,4299
1965-06-01,4313
1965-07-01,4334
1965-08-01,4347
1965-09-01,4365
1965-10-01,4380
1965-11-01,4394
1965-12-01,4416
1966-01-01,4433
1966-02-01,4450
1966-03-01,4470
1966-04-01,4490
1966-05-01,4508
1966-06-01,4532
1966-07-01,4547
1966-08-01,4564
1966-09-01,4580
1966-10-01,4601
1966-11-01,4618
1966-12-01,4634
1967-01-01,4655
1967-02-01,4666
1967-03-01,4681
1967-04-01,4693
1967-05-01,4709
1967-06-01,4726
1967-07-01,4745
1967-08-01,4764
1967-09-01,4777
1967-10-01,4788
1967-11-01,4824
1967-12-01,4839
1968-01-01,4845
1968-02-01,4866
1968-03-01,4873
1968-04-01,4887
1968-05-01,4895
1968-06-01,4924
1968-07-01,4944
1968-08-01,4962
1968-09-01,4965
1968-10-01,5001
1968-11-01,5032
1968-12-01,5053
1969-01-01,5073
1969-02-01,5092
1969-03-01,5118
1969-04-01,5139
1969-05-01,5154
1969-06-01,5174
1969-07-01,5192
1969-08-01,5211
1969-09-01,5207
1969-10-01,5242
1969-11-01,5245
1969-12-01,5258
1970-01-01,5271
1970-02-01,5283
1970-03-01,5287
1970-04-01,5289
1970-05-01,5289
1970-06-01,5286
1970-07-01,5284
1970-08-01,5272
1970-09-01,5289
1970-10-01,5294
1970-11-01,5295
1970-12-01,5303
1971-01-01,5313
1971-02-01,5309
1971-03-01,5315
1971-04-01,5322
1971-05-01,5334
1971-06-01,5346
1971-07-01,5351
1971-08-01,5344
1971-09-01,5364
1971-10-01,5376
1971-11-01,5393
1971-12-01,5409
1972-01-01,5426
1972-02-01,5441
1972-03-01,5462
1972-04-01,5485
1972-05-01,5511
1972-06-01,5561
1972-07-01,5551
1972-08-01,5578
1972-09-01,5574
1972-10-01,5619
1972-11-01,5646
1972-12-01,5668
1973-01-01,5697
1973-02-01,5723
1973-03-01,5744
1973-04-01,5755
1973-05-01,5765
1973-06-01,5777
1973-07-01,5768
1973-08-01,5811
1973-09-01,5837
1973-10-01,5866
1973-11-01,5897
1973-12-01,5904
1974-01-01,5920
1974-02-01,5940
1974-03-01,5952
1974-04-01,5954
1974-05-01,5990
1974-06-01,6007
1974-07-01,6023
1974-08-01,6029
1974-09-01,6028
1974-10-01,6049
1974-11-01,6039
1974-12-01,6020
1975-01-01,6006
1975-02-01,6002
1975-03-01,5999
1975-04-01,5994
1975-05-01,6022
1975-06-01,6011
1975-07-01,6055
1975-08-01,6091
1975-09-01,6088
1975-10-01,6120
1975-11-01,6130
1975-12-01,6152
1976-01-01,6191
1976-02-01,6217
1976-03-01,6246
1976-04-01,6267
1976-05-01,6286
1976-06-01,6304
1976-07-01,6327
1976-08-01,6340
1976-09-01,6355
1976-10-01,6373
1976-11-01,6395
1976-12-01,6419
1977-01-01,6447
1977-02-01,6470
1977-03-01,6500
1977-04-01,6526
1977-05-01,6556
1977-06-01,6587
1977-07-01,6621
1977-08-01,6653
1977-09-01,6697
1977-10-01,6732
1977-11-01,6761
1977-12-01,6787
1978-01-01,6794
1978-02-01,6830
1978-03-01,6873
1978-04-01,6921
1978-05-01,6957
1978-06-01,6993
1978-07-01,7022
1978-08-01,7062
1978-09-01,7083
1978-10-01,7105
1978-11-01,7147
1978-12-01,7178
1979-01-01,7191
1979-02-01,7228
1979-03-01,7265
1979-04-01,7271
1979-05-01,7313
1979-06-01,7346
1979-07-01,7360
1979-08-01,7378
1979-09-01,7395
1979-10-01,7421
1979-11-01,7436
1979-12-01,7459
1980-01-01,7488
1980-02-01,7512
1980-03-01,7536
1980-04-01,7533
1980-05-01,7534
1980-06-01,7534
1980-07-01,7548
1980-08-01,7576
1980-09-01,7605
1980-10-01,7629
1980-11-01,7660
1980-12-01,7691
1981-01-01,7714
1981-02-01,7730
1981-03-01,7744
1981-04-01,7768
1981-05-01,7785
1981-06-01,7806
1981-07-01,7824
1981-08-01,7841
1981-09-01,7857
1981-10-01,7873
1981-11-01,7876
1981-12-01,7876
1982-01-01,7880
1982-02-01,7884
1982-03-01,7884
1982-04-01,7870
1982-05-01,7880
1982-06-01,7875
1982-07-01,7876
1982-08-01,7872
1982-09-01,7867
1982-10-01,7861
1982-11-01,7870
1982-12-01,7877
1983-01-01,7890
1983-02-01,7893
1983-03-01,7934
1983-04-01,7972
1983-05-01,8001
1983-06-01,8044
1983-07-01,8088
1983-08-01,8119
1983-09-01,8167
1983-10-01,8190
1983-11-01,8219
1983-12-01,8259
1984-01-01,8293
1984-02-01,8337
1984-03-01,8371
1984-04-01,8410
1984-05-01,8447
1984-06-01,8483
1984-07-01,8507
1984-08-01,8533
1984-09-01,8581
1984-10-01,8615
1984-11-01,8649
1984-12-01,8678
1985-01-01,8722
1985-02-01,8751
1985-03-01,8792
1985-04-01,8815
1985-05-01,8854
1985-06-01,8880
1985-07-01,8897
1985-08-01,8944
1985-09-01,8983
1985-10-01,9017
1985-11-01,9055
1985-12-01,9083
1986-01-01,9099
1986-02-01,9123
1986-03-01,9143
1986-04-01,9174
1986-05-01,9198
1986-06-01,9218
1986-07-01,9247
1986-08-01,9276
1986-09-01,9305
1986-10-01,9335
1986-11-01,9366
1986-12-01,9399
1987-01-01,9439
1987-02-01,9473
1987-03-01,9507
1987-04-01,9549
1987-05-01,9592
1987-06-01,9618
1987-07-01,9662
1987-08-01,9700
1987-09-01,9724
1987-10-01,9763
1987-11-01,9795
1987-12-01,9838
1988-01-01,9884
1988-02-01,9942
1988-03-01,9973
1988-04-01,10008
1988-05-01,10048
1988-06-01,10103
1988-07-01,10146
1988-08-01,10178
1988-09-01,10220
1988-10-01,10255
1988-11-01,10313
1988-12-01,10370
1989-01-01,10410
1989-02-01,10466
1989-03-01,10498
1989-04-01,10525
1989-05-01,10556
1989-06-01,10573
1989-07-01,10595
1989-08-01,10613
1989-09-01,10647
1989-10-01,10658
1989-11-01,10724
1989-12-01,10764
1990-01-01,10821
1990-02-01,10886
1990-03-01,10920
1990-04-01,10919
1990-05-01,10909
1990-06-01,10923
1990-07-01,10929
1990-08-01,10912
1990-09-01,10898
1990-10-01,10852
1990-11-01,10833
1990-12-01,10801
1991-01-01,10814
1991-02-01,10769
1991-03-01,10729
1991-04-01,10716
1991-05-01,10697
1991-06-01,10716
1991-07-01,10715
1991-08-01,10740
1991-09-01,10775
1991-10-01,10780
1991-11-01,10777
1991-12-01,10795
1992-01-01,10812
1992-02-01,10829
1992-03-01,10863
1992-04-01,10907
1992-05-01,10966
1992-06-01,10998
1992-07-01,11004
1992-08-01,11046
1992-09-01,11080
1992-10-01,11124
1992-11-01,11169
1992-12-01,11235
1993-01-01,11286
1993-02-01,11333
1993-03-01,11368
1993-04-01,11417
1993-05-01,11462
1993-06-01,11499
1993-07-01,11536
1993-08-01,11575
1993-09-01,11629
1993-10-01,11707
1993-11-01,11758
1993-12-01,11795
1994-01-01,11835
1994-02-01,11881
1994-03-01,11964
1994-04-01,12047
1994-05-01,12093
1994-06-01,12164
1994-07-01,12269
1994-08-01,12314
1994-09-01,12394
1994-10-01,12448
1994-11-01,12540
1994-12-01,12582
1995-01-01,12662
1995-02-01,12722
1995-03-01,12765
1995-04-01,12779
1995-05-01,12783
1995-06-01,12828
1995-07-01,12871
1995-08-01,12945
1995-09-01,13031
1995-10-01,13062
1995-11-01,13099
1995-12-01,13150
1996-01-01,13137
1996-02-01,13269
1996-03-01,13320
1996-04-01,13358
1996-05-01,13416
1996-06-01,13490
1996-07-01,13548
1996-08-01,13619
1996-09-01,13661
1996-10-01,13683
1996-11-01,13784
1996-12-01,13847
1997-01-01,13911
1997-02-01,14024
1997-03-01,14123
1997-04-01,14233
1997-05-01,14308
1997-06-01,14378
1997-07-01,14466
1997-08-01,14477
1997-09-01,14556
1997-10-01,14624
1997-11-01,14711
1997-12-01,14801
1998-01-01,14866
1998-02-01,14923
1998-03-01,14975
1998-04-01,15022
1998-05-01,15114
1998-06-01,15196
1998-07-01,15229
1998-08-01,15287
1998-09-01,15292
1998-10-01,15393
1998-11-01,15476
1998-12-01,15567
1999-01-01,15626
1999-02-01,15704
1999-03-01,15751
1999-04-01,15828
1999-05-01,15895
1999-06-01,15983
1999-07-01,16062
1999-08-01,16101
1999-09-01,16125
1999-10-01,16279
1999-11-01,16339
1999-12-01,16412
2000-01-01,16488
2000-02-01,16525
2000-03-01,16599
2000-04-01,16682
2000-05-01,16647
2000-06-01,16716
2000-07-01,16761
2000-08-01,16793
2000-09-01,16855
2000-10-01,16868
2000-11-01,16909
2000-12-01,16893
2001-01-01,16898
2001-02-01,16874
2001-03-01,16824
2001-04-01,16698
2001-05-01,16654
2001-06-01,16588
2001-07-01,16535
2001-08-01,16473
2001-09-01,16387
2001-10-01,16285
2001-11-01,16158
2001-12-01,16132
2002-01-01,16096
2002-02-01,16066
2002-03-01,16082
2002-04-01,16082
2002-05-01,16092
2002-06-01,16082
2002-07-01,16009
2002-08-01,16038
2002-09-01,16016
2002-10-01,16033
2002-11-01,15991
2002-12-01,15927
2003-01-01,15993
2003-02-01,16021
2003-03-01,15951
2003-04-01,15954
2003-05-01,16004
2003-06-01,16018
2003-07-01,16057
2003-08-01,16052
2003-09-01,16107
2003-10-01,16130
2003-11-01,16169
2003-12-01,16195
2004-01-01,16223
2004-02-01,16238
2004-03-01,16264
2004-04-01,16376
2004-05-01,16449
2004-06-01,16481
2004-07-01,16520
2004-08-01,16519
2004-09-01,16542
2004-10-01,16661
2004-11-01,16643
2004-12-01,16659
2005-01-01,16714
2005-02-01,16798
2005-03-01,16826
2005-04-01,16888
2005-05-01,16910
2005-06-01,16999
2005-07-01,17065
2005-08-01,17124
2005-09-01,17195
2005-10-01,17216
2005-11-01,17297
2005-12-01,17330
2006-01-01,17383
2006-02-01,17444
2006-03-01,17530
2006-04-01,17552
2006-05-01,17611
2006-06-01,17680
2006-07-01,17720
2006-08-01,17766
2006-09-01,17756
2006-10-01,17760
2006-11-01,17828
2006-12-01,17863
2007-01-01,17927
2007-02-01,17960
2007-03-01,17990
2007-04-01,18008
2007-05-01,18042
2007-06-01,18053
2007-07-01,18057
2007-08-01,18067
2007-09-01,18066
2007-10-01,18101
2007-11-01,18102
2007-12-01,18148
2008-01-01,18138
2008-02-01,18093
2008-03-01,18051
2008-04-01,18041
2008-05-01,17984
2008-06-01,17940
2008-07-01,17881
2008-08-01,17817
2008-09-01,17748
2008-10-01,17640
2008-11-01,17468
2008-12-01,17337
2009-01-01,17183
2009-02-01,16988
2009-03-01,16837
2009-04-01,16703
2009-05-01,16652
2009-06-01,16547
2009-07-01,16524
2009-08-01,16515
2009-09-01,16522
2009-10-01,16543
2009-11-01,16601
2009-12-01,16605
2010-01-01,16627
2010-02-01,16646
2010-03-01,16629
2010-04-01,16721
2010-05-01,16756
2010-06-01,16818
2010-07-01,16828
2010-08-01,16888
2010-09-01,16906
2010-10-01,16975
2010-11-01,17069
2010-12-01,17140
2011-01-01,17150
2011-02-01,17229
2011-03-01,17294
2011-04-01,17356
2011-05-01,17407
2011-06-01,17424
2011-07-01,17431
2011-08-01,17506
2011-09-01,17571
2011-10-01,17618
2011-11-01,17654
2011-12-01,17722
2012-01-01,17808
2012-02-01,17878
2012-03-01,17912
2012-04-01,17961
2012-05-01,17986
2012-06-01,18042
2012-07-01,18084
2012-08-01,18118
2012-09-01,18134
2012-10-01,18207
2012-11-01,18261
2012-12-01,18298
2013-01-01,18340
2013-02-01,18433
2013-03-01,18489
2013-04-01,18551
2013-05-01,18605
2013-06-01,18651
2013-07-01,18698
2013-08-01,18725
2013-09-01,18755
2013-10-01,18805
2013-11-01,18873
2013-12-01,18862
2014-01-01,18909
2014-02-01,18971
2014-03-01,19018
2014-04-01,19076
2014-05-01,19117
2014-06-01,19178
2014-07-01,19216
2014-08-01,19274
2014-09-01,19330
2014-10-01,19359
2014-11-01,19415
2014-12-01,19494
2015-01-01,19519
2015-02-01,19563
2015-03-01,19592
2015-04-01,19635
2015-05-01,19718
2015-06-01,19768
2015-07-01,19803
2015-08-01,19835
2015-09-01,19855
2015-10-01,19930
2015-11-01,19965
2015-12-01,20035
2016-01-01,20046
2016-02-01,20058
2016-03-01,20082
2016-04-01,20113
2016-05-01,20120
2016-06-01,20162
2016-07-01,20208
2016-08-01,20212
2016-09-01,20281
2016-10-01,20303
2016-11-01,20340
2016-12-01,20374
2017-01-01,20415
2017-02-01,20433
2017-03-01,20463
2017-04-01,20494
2017-05-01,20556
2017-06-01,20589
2017-07-01,20632
2017-08-01,20671
2017-09-01,20668
2017-10-01,20709
2017-11-01,20725
2017-12-01,20764
2018-01-01,20822
2018-02-01,20861
2018-03-01,20908
2018-04-01,20952
2018-05-01,21011
2018-06-01,21060
2018-07-01,21073
2018-08-01,21112
2018-09-01,21145
2018-10-01,21171
2018-11-01,21176
2018-12-01,21196
2019-01-01,21201
2019-02-01,21230
2019-03-01,21258
2019-04-01,21315
2019-05-01,21356
2019-06-01,21402
2019-07-01,21421
2019-08-01,21455
2019-09-01,21465
2019-10-01,21476
2019-11-01,21487
2019-12-01,21467
2020-01-01,21476
2020-02-01,21483
2020-03-01,21388
2020-04-01,19223
2020-05-01,19410
2020-06-01,19768
2020-07-01,19953
2020-08-01,20147
2020-09-01,20267
2020-10-01,20455
2020-11-01,20602
2020-12-01,20770
2021-01-01,20922
2021-02-01,20999
2021-03-01,21109
2021-04-01,21103
2021-05-01,21176
2021-06-01,21257
2021-07-01,21418
2021-08-01,21535
2021-09-01,21636
2021-10-01,21873
2021-11-01,22019
2021-12-01,22129
2022-01-01,22183
2022-02-01,22372
2022-03-01,22483
2022-04-01,22468
2022-05-01,22503
2022-06-01,22564
2022-07-01,22658
2022-08-01,22697
2022-09-01,22744
2022-10-01,22783
2022-11-01,22792
2022-12-01,22774
2023-01-01,22791
2023-02-01,22837
2023-03-01,22832
2023-04-01,22837
2023-05-01,22850
2023-06-01,22826
2023-07-01,22779
2023-08-01,22768
2023-09-01,22743
2023-10-01,22715
2023-11-01,22661
2023-12-01,22643
2024-01-01,22668
2024-02-01,22658
2024-03-01,22631
2024-04-01,22616
2024-05-01,22633
2024-06-01,22606
2024-07-01,22584
2024-08-01,22544
2024-09-01,22525
2024-10-01,22486
2024-11-01,22499
2024-12-01,22532
2025-01-01,22480
2025-02-01,22473
2025-03-01,22457
2025-04-01,22470
2025-05-01,22450
2025-06-01,22419
2025-07-01,22403
2025-08-01,22375
2025-09-01,22359
2025-10-01,22335
2025-11-01,22391
2025-12-01,22372
2026-01-01,22408
2026-02-01,22412
2026-03-01,22440
2026-04-01,22460
2026-05-01,22466
2026-06-01,22502
2026-07-01,22517
2026-08-01,22527
